timeVals,jointPos,muscleAct,motorTorque
[0.002],[1.7439],[0.0004 0.0004 0.0004 0.0004 0.0004 0.0004],[16.0018]
[0.004],[1.7445],[0.0006 0.0006 0.0006 0.0006 0.0006 0.0006],[14.6948]
[0.006],[1.7445],[0.0008 0.0008 0.0008 0.0008 0.0008 0.0008],[12.2056]
[0.008],[1.7438],[0.0009 0.0009 0.0009 0.0009 0.0009 0.0009],[9.7808]
[0.01],[1.7427],[0.0009 0.0009 0.0009 0.0009 0.0009 0.0009],[7.4232]
[0.012],[1.7412],[0.001 0.001 0.001 0.001 0.001 0.001],[5.1732]
[0.014],[1.7395],[0.001 0.001 0.001 0.001 0.001 0.001],[3.0664]
[0.016],[1.7377],[0.001 0.001 0.001 0.001 0.001 0.001],[1.1329]
[0.018],[1.7359],[0.001 0.001 0.001 0.001 0.001 0.001],[-0.6025]
[0.02],[1.7341],[0.001 0.001 0.001 0.001 0.001 0.001],[-2.1208]
[0.022],[1.7325],[0.001 0.001 0.001 0.001 0.001 0.001],[-4.5423]
[0.024],[1.7311],[0.001 0.001 0.001 0.001 0.001 0.001],[-5.367]
[0.026],[1.73],[0.001 0.001 0.001 0.001 0.001 0.001],[-5.9553]
[0.028],[1.7292],[0.001 0.001 0.001 0.001 0.001 0.001],[-6.3149]
[0.03],[1.7287],[0.001 0.001 0.001 0.001 0.001 0.001],[-6.4588]
[0.032],[1.7286],[0.001 0.001 0.001 0.001 0.001 0.001],[-6.4034]
[0.034],[1.7287],[0.001 0.001 0.001 0.001 0.001 0.001],[-6.1685]
[0.036],[1.7292],[0.001 0.001 0.001 0.001 0.001 0.001],[-5.7764]
[0.038],[1.7299],[0.001 0.001 0.001 0.001 0.001 0.001],[-5.251]
[0.04],[1.7309],[0.001 0.001 0.001 0.001 0.001 0.001],[-4.6174]
[0.042],[1.732],[0.001 0.001 0.001 0.001 0.001 0.001],[-3.8967]
[0.044],[1.7334],[0.001 0.001 0.001 0.001 0.001 0.001],[-3.1165]
[0.046],[1.7349],[0.001 0.001 0.001 0.001 0.001 0.001],[-2.3037]
[0.048],[1.7365],[0.001 0.001 0.001 0.001 0.001 0.001],[-1.4836]
[0.05],[1.7381],[0.001 0.001 0.001 0.001 0.001 0.001],[-0.6777]
[0.052],[1.7398],[0.001 0.001 0.001 0.001 0.001 0.001],[0.0947]
[0.054],[1.7414],[0.001 0.001 0.001 0.001 0.001 0.001],[0.8163]
[0.056],[1.743],[0.001 0.001 0.001 0.001 0.001 0.001],[1.4728]
[0.058],[1.7445],[0.001 0.001 0.001 0.001 0.001 0.001],[2.0525]
[0.06],[1.7458],[0.001 0.001 0.001 0.001 0.001 0.001],[2.5465]
[0.062],[1.747],[0.001  0.001  0.001  0.0017 0.0017 0.0012],[3.4488]
[0.064],[1.7481],[0.001  0.001  0.001  0.0021 0.0021 0.0014],[3.678]
[0.066],[1.7489],[0.001  0.001  0.001  0.0024 0.0024 0.0015],[3.81]
[0.068],[1.7495],[0.001  0.001  0.001  0.0026 0.0026 0.0015],[3.8479]
[0.07],[1.75],[0.001  0.001  0.001  0.0027 0.0027 0.0016],[3.7971]
[0.072],[1.7502],[0.001  0.001  0.001  0.0027 0.0027 0.0016],[3.665]
[0.074],[1.7503],[0.001  0.001  0.001  0.0027 0.0027 0.0016],[3.4605]
[0.076],[1.7502],[0.001  0.001  0.001  0.0028 0.0028 0.0016],[3.1934]
[0.078],[1.75],[0.001  0.001  0.001  0.0028 0.0028 0.0016],[2.8744]
[0.08],[1.7496],[0.001  0.001  0.001  0.0028 0.0028 0.0016],[2.5149]
[0.082],[1.7491],[0.001  0.001  0.001  0.0027 0.0027 0.0016],[2.1085]
[0.084],[1.7486],[0.001  0.001  0.001  0.0027 0.0027 0.0016],[1.7082]
[0.086],[1.7479],[0.001  0.001  0.001  0.0027 0.0027 0.0016],[1.299]
[0.088],[1.7472],[0.001  0.001  0.001  0.0026 0.0026 0.0016],[0.8922]
[0.09],[1.7465],[0.001  0.001  0.001  0.0026 0.0026 0.0015],[0.497]
[0.092],[1.7457],[0.001  0.001  0.001  0.0026 0.0026 0.0015],[0.1219]
[0.094],[1.745],[0.001  0.001  0.001  0.0026 0.0026 0.0015],[-0.2258]
[0.096],[1.7443],[0.001  0.001  0.001  0.0025 0.0025 0.0015],[-0.54]
[0.098],[1.7436],[0.001  0.001  0.001  0.0025 0.0025 0.0015],[-0.8158]
[0.1],[1.743],[0.001  0.001  0.001  0.0025 0.0025 0.0015],[-1.0496]
[0.102],[1.7424],[0.001  0.001  0.001  0.0024 0.0024 0.0015],[-1.4636]
[0.104],[1.742],[0.001  0.001  0.001  0.0024 0.0024 0.0015],[-1.5686]
[0.106],[1.7416],[0.001  0.001  0.001  0.0024 0.0024 0.0014],[-1.6273]
[0.108],[1.7413],[0.001  0.001  0.001  0.0023 0.0023 0.0014],[-1.6419]
[0.11],[1.7411],[0.001  0.001  0.001  0.0023 0.0023 0.0014],[-1.6153]
[0.112],[1.7409],[0.001  0.001  0.001  0.0023 0.0023 0.0014],[-1.5513]
[0.114],[1.7409],[0.001  0.001  0.001  0.0022 0.0022 0.0014],[-1.4543]
[0.116],[1.7409],[0.001  0.001  0.001  0.0022 0.0022 0.0014],[-1.3292]
[0.118],[1.741],[0.001  0.001  0.001  0.0022 0.0022 0.0014],[-1.1811]
[0.12],[1.7411],[0.001  0.001  0.001  0.0021 0.0021 0.0014],[-1.0152]
[0.122],[1.7413],[0.001  0.001  0.001  0.0021 0.0021 0.0014],[-0.8186]
[0.124],[1.7416],[0.001  0.001  0.001  0.0021 0.0021 0.0014],[-0.6368]
[0.126],[1.7418],[0.001  0.001  0.001  0.0021 0.0021 0.0013],[-0.4524]
[0.128],[1.7421],[0.001  0.001  0.001  0.002  0.002  0.0013],[-0.2703]
[0.13],[1.7424],[0.001  0.001  0.001  0.002  0.002  0.0013],[-0.0949]
[0.132],[1.7427],[0.001  0.001  0.001  0.002  0.002  0.0013],[0.0702]
[0.134],[1.743],[0.001  0.001  0.001  0.002  0.002  0.0013],[0.2218]
[0.136],[1.7433],[0.001  0.001  0.001  0.0019 0.0019 0.0013],[0.3574]
[0.138],[1.7436],[0.001  0.001  0.001  0.0019 0.0019 0.0013],[0.4747]
[0.14],[1.7438],[0.001  0.001  0.001  0.0019 0.0019 0.0013],[0.5725]
[0.142],[1.744],[0.001  0.001  0.001  0.0019 0.0019 0.0013],[0.753]
[0.144],[1.7442],[0.001  0.001  0.001  0.0018 0.0018 0.0013],[0.7921]
[0.146],[1.7443],[0.001  0.001  0.001  0.0018 0.0018 0.0013],[0.8101]
[0.148],[1.7444],[0.001  0.001  0.001  0.0018 0.0018 0.0013],[0.8081]
[0.15],[1.7444],[0.001  0.001  0.001  0.0018 0.0018 0.0013],[0.7876]
[0.152],[1.7445],[0.001  0.001  0.001  0.0018 0.0018 0.0012],[0.7505]
[0.154],[1.7444],[0.001  0.001  0.001  0.0017 0.0017 0.0012],[0.699]
[0.156],[1.7444],[0.001  0.001  0.001  0.0017 0.0017 0.0012],[0.6352]
[0.158],[1.7443],[0.001  0.001  0.001  0.0017 0.0017 0.0012],[0.5618]
[0.16],[1.7442],[0.001  0.001  0.001  0.0017 0.0017 0.0012],[0.4811]
[0.162],[1.7441],[0.001  0.001  0.001  0.0017 0.0017 0.0012],[0.3842]
[0.164],[1.7439],[0.001  0.001  0.001  0.0017 0.0017 0.0012],[0.2987]
[0.166],[1.7438],[0.001  0.001  0.001  0.0016 0.0016 0.0012],[0.2129]
[0.168],[1.7436],[0.001  0.001  0.001  0.0016 0.0016 0.0012],[0.129]
[0.17],[1.7434],[0.001  0.001  0.001  0.0016 0.0016 0.0012],[0.0488]
[0.172],[1.7433],[0.001  0.001  0.001  0.0016 0.0016 0.0012],[-0.0261]
[0.174],[1.7431],[0.001  0.001  0.001  0.0016 0.0016 0.0012],[-0.0942]
[0.176],[1.743],[0.001  0.001  0.001  0.0016 0.0016 0.0012],[-0.1544]
[0.178],[1.7428],[0.001  0.001  0.001  0.0015 0.0015 0.0012],[-0.2059]
[0.18],[1.7427],[0.001  0.001  0.001  0.0015 0.0015 0.0012],[-0.2482]
[0.182],[1.7426],[0.001  0.001  0.001  0.0015 0.0015 0.0012],[-0.3269]
[0.184],[1.7425],[0.001  0.001  0.001  0.0015 0.0015 0.0012],[-0.342]
[0.186],[1.7424],[0.001  0.001  0.001  0.0015 0.0015 0.0012],[-0.3475]
[0.188],[1.7424],[0.001  0.001  0.001  0.0015 0.0015 0.0012],[-0.3439]
[0.19],[1.7423],[0.001  0.001  0.001  0.0015 0.0015 0.0012],[-0.332]
[0.192],[1.7423],[0.001  0.001  0.001  0.0015 0.0015 0.0011],[-0.3127]
[0.194],[1.7423],[0.001  0.001  0.001  0.0014 0.0014 0.0011],[-0.287]
[0.196],[1.7423],[0.001  0.001  0.001  0.0014 0.0014 0.0011],[-0.2561]
[0.198],[1.7424],[0.001  0.001  0.001  0.0014 0.0014 0.0011],[-0.221]
[0.2],[1.7424],[0.001  0.001  0.001  0.0014 0.0014 0.0011],[-0.183]
[0.202],[1.7425],[0.001  0.001  0.001  0.0014 0.0014 0.0011],[-0.1356]
[0.204],[1.7425],[0.001  0.001  0.001  0.0014 0.0014 0.0011],[-0.0964]
[0.206],[1.7426],[0.001  0.001  0.001  0.0014 0.0014 0.0011],[-0.0573]
[0.208],[1.7426],[0.001  0.001  0.001  0.0014 0.0014 0.0011],[-0.0195]
[0.21],[1.7427],[0.001  0.001  0.001  0.0014 0.0014 0.0011],[0.0163]
[0.212],[1.7428],[0.001  0.001  0.001  0.0014 0.0014 0.0011],[0.0494]
[0.214],[1.7428],[0.001  0.001  0.001  0.0013 0.0013 0.0011],[0.0791]
[0.216],[1.7429],[0.001  0.001  0.001  0.0013 0.0013 0.0011],[0.105]
[0.218],[1.7429],[0.001  0.001  0.001  0.0013 0.0013 0.0011],[0.1269]
[0.22],[1.743],[0.001  0.001  0.001  0.0013 0.0013 0.0011],[0.1443]
[0.222],[1.743],[0.001  0.001  0.001  0.0013 0.0013 0.0011],[0.1786]
[0.224],[1.743],[0.001  0.001  0.001  0.0013 0.0013 0.0011],[0.1836]
[0.226],[1.7431],[0.001  0.001  0.001  0.0013 0.0013 0.0011],[0.1843]
[0.228],[1.7431],[0.001  0.001  0.001  0.0013 0.0013 0.0011],[0.1809]
[0.23],[1.7431],[0.001  0.001  0.001  0.0013 0.0013 0.0011],[0.1737]
[0.232],[1.7431],[0.001  0.001  0.001  0.0013 0.0013 0.0011],[0.1633]
[0.234],[1.7431],[0.001  0.001  0.001  0.0013 0.0013 0.0011],[0.1501]
[0.236],[1.743],[0.001  0.001  0.001  0.0013 0.0013 0.0011],[0.1346]
[0.238],[1.743],[0.001  0.001  0.001  0.0013 0.0013 0.0011],[0.1174]
[0.24],[1.743],[0.001  0.001  0.001  0.0012 0.0012 0.0011],[0.0991]
[0.242],[1.743],[0.001  0.001  0.001  0.0012 0.0012 0.0011],[0.0761]
[0.244],[1.7429],[0.001  0.001  0.001  0.0012 0.0012 0.0011],[0.0577]
[0.246],[1.7429],[0.001  0.001  0.001  0.0012 0.0012 0.0011],[0.0396]
[0.248],[1.7429],[0.001  0.001  0.001  0.0012 0.0012 0.0011],[0.0221]
[0.25],[1.7428],[0.001  0.001  0.001  0.0012 0.0012 0.0011],[0.0057]
[0.252],[1.7428],[0.001  0.001  0.001  0.0012 0.0012 0.0011],[-0.0093]
[0.254],[1.7427],[0.001  0.001  0.001  0.0012 0.0012 0.0011],[-0.0226]
[0.256],[1.7427],[0.001  0.001  0.001  0.0012 0.0012 0.0011],[-0.0342]
[0.258],[1.7427],[0.001  0.001  0.001  0.0012 0.0012 0.0011],[-0.0438]
[0.26],[1.7427],[0.001  0.001  0.001  0.0012 0.0012 0.0011],[-0.0514]
[0.262],[1.7426],[0.001  0.001  0.001  0.0012 0.0012 0.0011],[-0.0661]
[0.264],[1.7426],[0.001  0.001  0.001  0.0012 0.0012 0.0011],[-0.0679]
[0.266],[1.7426],[0.001  0.001  0.001  0.0012 0.0012 0.0011],[-0.0678]
[0.268],[1.7426],[0.001  0.001  0.001  0.0012 0.0012 0.0011],[-0.0658]
[0.27],[1.7426],[0.001  0.001  0.001  0.0012 0.0012 0.0011],[-0.0621]
[0.272],[1.7426],[0.001  0.001  0.001  0.0012 0.0012 0.0011],[-0.057]
[0.274],[1.7426],[0.001  0.001  0.001  0.0012 0.0012 0.0011],[-0.0507]
[0.276],[1.7426],[0.001  0.001  0.001  0.0012 0.0012 0.0011],[-0.0435]
[0.278],[1.7426],[0.001  0.001  0.001  0.0012 0.0012 0.0011],[-0.0355]
[0.28],[1.7426],[0.001  0.001  0.001  0.0011 0.0011 0.001 ],[-0.027]
[0.282],[1.7426],[0.001  0.001  0.001  0.0011 0.0011 0.001 ],[-0.0159]
[0.284],[1.7426],[0.001  0.001  0.001  0.0011 0.0011 0.001 ],[-0.0076]
[0.286],[1.7426],[0.001  0.001  0.001  0.0011 0.0011 0.001 ],[0.0005]
[0.288],[1.7426],[0.001  0.001  0.001  0.0011 0.0011 0.001 ],[0.0082]
[0.29],[1.7427],[0.001  0.001  0.001  0.0011 0.0011 0.001 ],[0.0153]
[0.292],[1.7427],[0.001  0.001  0.001  0.0011 0.0011 0.001 ],[0.0218]
[0.294],[1.7427],[0.001  0.001  0.001  0.0011 0.0011 0.001 ],[0.0274]
[0.296],[1.7427],[0.001  0.001  0.001  0.0011 0.0011 0.001 ],[0.0322]
[0.298],[1.7427],[0.001  0.001  0.001  0.0011 0.0011 0.001 ],[0.0361]
[0.3],[1.7427],[0.001  0.001  0.001  0.0011 0.0011 0.001 ],[0.0391]
[0.302],[1.7427],[0.001  0.001  0.001  0.0011 0.0011 0.001 ],[0.0454]
[0.304],[1.7427],[0.001  0.001  0.001  0.0011 0.0011 0.001 ],[0.0458]
[0.306],[1.7427],[0.001  0.001  0.001  0.0011 0.0011 0.001 ],[0.0453]
[0.308],[1.7427],[0.001  0.001  0.001  0.0011 0.0011 0.001 ],[0.0439]
[0.31],[1.7427],[0.001  0.001  0.001  0.0011 0.0011 0.001 ],[0.0418]
[0.312],[1.7427],[0.001  0.001  0.001  0.0011 0.0011 0.001 ],[0.039]
[0.314],[1.7427],[0.001  0.001  0.001  0.0011 0.0011 0.001 ],[0.0357]
[0.316],[1.7427],[0.001  0.001  0.001  0.0011 0.0011 0.001 ],[0.0321]
[0.318],[1.7427],[0.001  0.001  0.001  0.0011 0.0011 0.001 ],[0.0281]
[0.32],[1.7427],[0.001  0.001  0.001  0.0011 0.0011 0.001 ],[0.0239]
[0.322],[1.7427],[0.001  0.001  0.001  0.0011 0.0011 0.001 ],[0.0187]
[0.324],[1.7427],[0.001  0.001  0.001  0.0011 0.0011 0.001 ],[0.0148]
[0.326],[1.7427],[0.001  0.001  0.001  0.0011 0.0011 0.001 ],[0.011]
[0.328],[1.7427],[0.001  0.001  0.001  0.0011 0.0011 0.001 ],[0.0074]
[0.33],[1.7426],[0.001  0.001  0.001  0.0011 0.0011 0.001 ],[0.004]
[0.332],[1.7426],[0.001  0.001  0.001  0.0011 0.0011 0.001 ],[0.001]
[0.334],[1.7426],[0.001  0.001  0.001  0.0011 0.0011 0.001 ],[-0.0016]
[0.336],[1.7426],[0.001  0.001  0.001  0.0011 0.0011 0.001 ],[-0.0038]
[0.338],[1.7426],[0.001  0.001  0.001  0.0011 0.0011 0.001 ],[-0.0055]
[0.34],[1.7426],[0.001  0.001  0.001  0.0011 0.0011 0.001 ],[-0.0069]
[0.342],[1.7426],[0.001  0.001  0.001  0.0011 0.0011 0.001 ],[-0.0095]
[0.344],[1.7426],[0.001  0.001  0.001  0.0011 0.0011 0.001 ],[-0.0096]
[0.346],[1.7426],[0.001  0.001  0.001  0.0011 0.0011 0.001 ],[-0.0093]
[0.348],[1.7426],[0.001  0.001  0.001  0.0011 0.0011 0.001 ],[-0.0087]
[0.35],[1.7426],[0.001  0.001  0.001  0.0011 0.0011 0.001 ],[-0.0077]
[0.352],[1.7426],[0.001  0.001  0.001  0.0011 0.0011 0.001 ],[-0.0064]
[0.354],[1.7426],[0.001  0.001  0.001  0.0011 0.0011 0.001 ],[-0.005]
[0.356],[1.7426],[0.001  0.001  0.001  0.0011 0.0011 0.001 ],[-0.0033]
[0.358],[1.7426],[0.001  0.001  0.001  0.0011 0.0011 0.001 ],[-0.0016]
[0.36],[1.7426],[0.001  0.001  0.001  0.0011 0.0011 0.001 ],[0.0003]
[0.362],[1.7426],[0.001  0.001  0.001  0.0011 0.0011 0.001 ],[0.0029]
[0.364],[1.7426],[0.001  0.001  0.001  0.0011 0.0011 0.001 ],[0.0046]
[0.366],[1.7426],[0.001  0.001  0.001  0.0011 0.0011 0.001 ],[0.0063]
[0.368],[1.7426],[0.001 0.001 0.001 0.001 0.001 0.001],[0.0078]
[0.37],[1.7426],[0.001 0.001 0.001 0.001 0.001 0.001],[0.0092]
[0.372],[1.7426],[0.001 0.001 0.001 0.001 0.001 0.001],[0.0104]
[0.374],[1.7426],[0.001 0.001 0.001 0.001 0.001 0.001],[0.0114]
[0.376],[1.7426],[0.001 0.001 0.001 0.001 0.001 0.001],[0.0123]
[0.378],[1.7426],[0.001 0.001 0.001 0.001 0.001 0.001],[0.0129]
[0.38],[1.7426],[0.001 0.001 0.001 0.001 0.001 0.001],[0.0134]
[0.382],[1.7426],[0.001 0.001 0.001 0.001 0.001 0.001],[0.0146]
[0.384],[1.7426],[0.001 0.001 0.001 0.001 0.001 0.001],[0.0145]
[0.386],[1.7426],[0.001 0.001 0.001 0.001 0.001 0.001],[0.0143]
[0.388],[1.7426],[0.001 0.001 0.001 0.001 0.001 0.001],[0.0138]
[0.39],[1.7426],[0.001 0.001 0.001 0.001 0.001 0.001],[0.0133]
[0.392],[1.7426],[0.001 0.001 0.001 0.001 0.001 0.001],[0.0126]
[0.394],[1.7426],[0.001 0.001 0.001 0.001 0.001 0.001],[0.0118]
[0.396],[1.7426],[0.001 0.001 0.001 0.001 0.001 0.001],[0.0109]
[0.398],[1.7426],[0.001 0.001 0.001 0.001 0.001 0.001],[0.01]
[0.4],[1.7426],[0.001 0.001 0.001 0.001 0.001 0.001],[0.0091]
[0.402],[1.7426],[0.001 0.001 0.001 0.001 0.001 0.001],[0.008]
[0.404],[1.7426],[0.001 0.001 0.001 0.001 0.001 0.001],[0.0072]
[0.406],[1.7426],[0.001 0.001 0.001 0.001 0.001 0.001],[0.0064]
[0.408],[1.7426],[0.001 0.001 0.001 0.001 0.001 0.001],[0.0056]
[0.41],[1.7426],[0.001 0.001 0.001 0.001 0.001 0.001],[0.005]
[0.412],[1.7426],[0.001 0.001 0.001 0.001 0.001 0.001],[0.0044]
[0.414],[1.7426],[0.001 0.001 0.001 0.001 0.001 0.001],[0.0039]
[0.416],[1.7426],[0.001 0.001 0.001 0.001 0.001 0.001],[0.0035]
[0.418],[1.7426],[0.001 0.001 0.001 0.001 0.001 0.001],[0.0032]
[0.42],[1.7426],[0.001 0.001 0.001 0.001 0.001 0.001],[0.003]
[0.422],[1.7426],[0.001 0.001 0.001 0.001 0.001 0.001],[0.0026]
[0.424],[1.7426],[0.001 0.001 0.001 0.001 0.001 0.001],[0.0027]
[0.426],[1.7426],[0.001 0.001 0.001 0.001 0.001 0.001],[0.0028]
[0.428],[1.7426],[0.001 0.001 0.001 0.001 0.001 0.001],[0.003]
[0.43],[1.7426],[0.001 0.001 0.001 0.001 0.001 0.001],[0.0032]
[0.432],[1.7426],[0.001 0.001 0.001 0.001 0.001 0.001],[0.0035]
[0.434],[1.7426],[0.001 0.001 0.001 0.001 0.001 0.001],[0.0039]
[0.436],[1.7426],[0.001 0.001 0.001 0.001 0.001 0.001],[0.0043]
[0.438],[1.7426],[0.001 0.001 0.001 0.001 0.001 0.001],[0.0046]
[0.44],[1.7426],[0.001 0.001 0.001 0.001 0.001 0.001],[0.005]
[0.442],[1.7425],[0.001 0.001 0.001 0.001 0.001 0.001],[0.0057]
[0.444],[1.7425],[0.001 0.001 0.001 0.001 0.001 0.001],[0.0061]
[0.446],[1.7425],[0.001 0.001 0.001 0.001 0.001 0.001],[0.0064]
[0.448],[1.7425],[0.001 0.001 0.001 0.001 0.001 0.001],[0.0067]
[0.45],[1.7425],[0.001 0.001 0.001 0.001 0.001 0.001],[0.007]
[0.452],[1.7425],[0.001 0.001 0.001 0.001 0.001 0.001],[0.0072]
[0.454],[1.7425],[0.001 0.001 0.001 0.001 0.001 0.001],[0.0074]
[0.456],[1.7425],[0.001 0.001 0.001 0.001 0.001 0.001],[0.0075]
[0.458],[1.7425],[0.001 0.001 0.001 0.001 0.001 0.001],[0.0076]
[0.46],[1.7425],[0.001 0.001 0.001 0.001 0.001 0.001],[0.0077]
[0.462],[1.7425],[0.001 0.001 0.001 0.001 0.001 0.001],[0.008]
[0.464],[1.7425],[0.001 0.001 0.001 0.001 0.001 0.001],[0.0079]
[0.466],[1.7425],[0.001 0.001 0.001 0.001 0.001 0.001],[0.0078]
[0.468],[1.7425],[0.001 0.001 0.001 0.001 0.001 0.001],[0.0077]
[0.47],[1.7425],[0.001 0.001 0.001 0.001 0.001 0.001],[0.0075]
[0.472],[1.7425],[0.001 0.001 0.001 0.001 0.001 0.001],[0.0073]
[0.474],[1.7425],[0.001 0.001 0.001 0.001 0.001 0.001],[0.0071]
[0.476],[1.7425],[0.001 0.001 0.001 0.001 0.001 0.001],[0.0069]
[0.478],[1.7425],[0.001 0.001 0.001 0.001 0.001 0.001],[0.0066]
[0.48],[1.7425],[0.001 0.001 0.001 0.001 0.001 0.001],[0.0064]
[0.482],[1.7425],[0.001 0.001 0.001 0.001 0.001 0.001],[0.0062]
[0.484],[1.7425],[0.001 0.001 0.001 0.001 0.001 0.001],[0.006]
[0.486],[1.7425],[0.001 0.001 0.001 0.001 0.001 0.001],[0.0057]
[0.488],[1.7425],[0.001 0.001 0.001 0.001 0.001 0.001],[0.0055]
[0.49],[1.7425],[0.001 0.001 0.001 0.001 0.001 0.001],[0.0053]
[0.492],[1.7425],[0.001 0.001 0.001 0.001 0.001 0.001],[0.0051]
[0.494],[1.7425],[0.001 0.001 0.001 0.001 0.001 0.001],[0.005]
[0.496],[1.7425],[0.001 0.001 0.001 0.001 0.001 0.001],[0.0048]
[0.498],[1.7425],[0.001 0.001 0.001 0.001 0.001 0.001],[0.0047]
[0.5],[1.7425],[0.001 0.001 0.001 0.001 0.001 0.001],[0.0045]
[0.502],[1.7425],[0.001 0.001 0.001 0.001 0.001 0.001],[0.0044]
[0.504],[1.7425],[0.001 0.001 0.001 0.001 0.001 0.001],[0.0043]
[0.506],[1.7425],[0.001 0.001 0.001 0.001 0.001 0.001],[0.0042]
[0.508],[1.7425],[0.001 0.001 0.001 0.001 0.001 0.001],[0.0042]
[0.51],[1.7425],[0.001 0.001 0.001 0.001 0.001 0.001],[0.0041]
[0.512],[1.7425],[0.001 0.001 0.001 0.001 0.001 0.001],[0.004]
[0.514],[1.7425],[0.001 0.001 0.001 0.001 0.001 0.001],[0.0039]
[0.516],[1.7425],[0.001 0.001 0.001 0.001 0.001 0.001],[0.0039]
[0.518],[1.7425],[0.001 0.001 0.001 0.001 0.001 0.001],[0.0038]
[0.52],[1.7425],[0.001 0.001 0.001 0.001 0.001 0.001],[0.0037]
[0.522],[1.7425],[0.001 0.001 0.001 0.001 0.001 0.001],[0.0036]
[0.524],[1.7425],[0.001 0.001 0.001 0.001 0.001 0.001],[0.0035]
[0.526],[1.7425],[0.001 0.001 0.001 0.001 0.001 0.001],[0.0034]
[0.528],[1.7425],[0.001 0.001 0.001 0.001 0.001 0.001],[0.0032]
[0.53],[1.7425],[0.001 0.001 0.001 0.001 0.001 0.001],[0.0031]
[0.532],[1.7425],[0.001 0.001 0.001 0.001 0.001 0.001],[0.0029]
[0.534],[1.7425],[0.001 0.001 0.001 0.001 0.001 0.001],[0.0027]
[0.536],[1.7425],[0.001 0.001 0.001 0.001 0.001 0.001],[0.0025]
[0.538],[1.7425],[0.001 0.001 0.001 0.001 0.001 0.001],[0.0022]
[0.54],[1.7425],[0.001 0.001 0.001 0.001 0.001 0.001],[0.002]
[0.542],[1.7425],[0.001 0.001 0.001 0.001 0.001 0.001],[0.0016]
[0.544],[1.7425],[0.001 0.001 0.001 0.001 0.001 0.001],[0.0013]
[0.546],[1.7425],[0.001 0.001 0.001 0.001 0.001 0.001],[0.001]
[0.548],[1.7425],[0.001 0.001 0.001 0.001 0.001 0.001],[0.0007]
[0.55],[1.7425],[0.001 0.001 0.001 0.001 0.001 0.001],[0.0004]
[0.552],[1.7425],[0.001 0.001 0.001 0.001 0.001 0.001],[7.9034e-06]
[0.554],[1.7425],[0.001 0.001 0.001 0.001 0.001 0.001],[-0.0004]
[0.556],[1.7425],[0.001 0.001 0.001 0.001 0.001 0.001],[-0.0007]
[0.558],[1.7425],[0.001 0.001 0.001 0.001 0.001 0.001],[-0.0011]
[0.56],[1.7425],[0.001 0.001 0.001 0.001 0.001 0.001],[-0.0015]
[0.562],[1.7425],[0.001 0.001 0.001 0.001 0.001 0.001],[-0.0022]
[0.564],[1.7425],[0.001 0.001 0.001 0.001 0.001 0.001],[-0.0025]
[0.566],[1.7425],[0.001 0.001 0.001 0.001 0.001 0.001],[-0.0029]
[0.568],[1.7425],[0.001 0.001 0.001 0.001 0.001 0.001],[-0.0032]
[0.57],[1.7425],[0.001 0.001 0.001 0.001 0.001 0.001],[-0.0036]
[0.572],[1.7425],[0.001 0.001 0.001 0.001 0.001 0.001],[-0.004]
[0.574],[1.7425],[0.001 0.001 0.001 0.001 0.001 0.001],[-0.0043]
[0.576],[1.7425],[0.001 0.001 0.001 0.001 0.001 0.001],[-0.0047]
[0.578],[1.7425],[0.001 0.001 0.001 0.001 0.001 0.001],[-0.005]
[0.58],[1.7426],[0.001 0.001 0.001 0.001 0.001 0.001],[-0.0054]
[0.582],[1.7426],[0.001 0.001 0.001 0.001 0.001 0.001],[-0.0061]
[0.584],[1.7426],[0.001 0.001 0.001 0.001 0.001 0.001],[-0.0064]
[0.586],[1.7426],[0.001 0.001 0.001 0.001 0.001 0.001],[-0.0067]
[0.588],[1.7426],[0.001 0.001 0.001 0.001 0.001 0.001],[-0.0069]
[0.59],[1.7426],[0.001 0.001 0.001 0.001 0.001 0.001],[-0.0072]
[0.592],[1.7426],[0.001 0.001 0.001 0.001 0.001 0.001],[-0.0074]
[0.594],[1.7426],[0.001 0.001 0.001 0.001 0.001 0.001],[-0.0076]
[0.596],[1.7426],[0.001 0.001 0.001 0.001 0.001 0.001],[-0.0078]
[0.598],[1.7426],[0.001 0.001 0.001 0.001 0.001 0.001],[-0.0079]
[0.6],[1.7426],[0.001 0.001 0.001 0.001 0.001 0.001],[-0.0081]
[0.602],[1.7427],[0.001 0.001 0.001 0.001 0.001 0.001],[-0.0085]
[0.604],[1.7427],[0.001 0.001 0.001 0.001 0.001 0.001],[-0.0086]
[0.606],[1.7427],[0.001 0.001 0.001 0.001 0.001 0.001],[-0.0086]
[0.608],[1.7427],[0.001 0.001 0.001 0.001 0.001 0.001],[-0.0085]
[0.61],[1.7427],[0.001 0.001 0.001 0.001 0.001 0.001],[-0.0084]
[0.612],[1.7427],[0.001 0.001 0.001 0.001 0.001 0.001],[-0.0083]
[0.614],[1.7427],[0.001 0.001 0.001 0.001 0.001 0.001],[-0.0081]
[0.616],[1.7427],[0.001 0.001 0.001 0.001 0.001 0.001],[-0.0079]
[0.618],[1.7428],[0.001 0.001 0.001 0.001 0.001 0.001],[-0.0076]
[0.62],[1.7428],[0.001 0.001 0.001 0.001 0.001 0.001],[-0.0073]
[0.622],[1.7428],[0.001 0.001 0.001 0.001 0.001 0.001],[-0.007]
[0.624],[1.7428],[0.001 0.001 0.001 0.001 0.001 0.001],[-0.0065]
[0.626],[1.7428],[0.001 0.001 0.001 0.001 0.001 0.001],[-0.0059]
[0.628],[1.7428],[0.001 0.001 0.001 0.001 0.001 0.001],[-0.0053]
[0.63],[1.7429],[0.001 0.001 0.001 0.001 0.001 0.001],[-0.0045]
[0.632],[1.7429],[0.001 0.001 0.001 0.001 0.001 0.001],[-0.0037]
[0.634],[1.7429],[0.001 0.001 0.001 0.001 0.001 0.001],[-0.0027]
[0.636],[1.7429],[0.001 0.001 0.001 0.001 0.001 0.001],[-0.0016]
[0.638],[1.7429],[0.001 0.001 0.001 0.001 0.001 0.001],[-0.0004]
[0.64],[1.743],[0.001 0.001 0.001 0.001 0.001 0.001],[0.001]
[0.642],[1.743],[0.001 0.001 0.001 0.001 0.001 0.001],[0.003]
[0.644],[1.743],[0.001 0.001 0.001 0.001 0.001 0.001],[0.0045]
[0.646],[1.743],[0.001 0.001 0.001 0.001 0.001 0.001],[0.0061]
[0.648],[1.743],[0.001 0.001 0.001 0.001 0.001 0.001],[0.0079]
[0.65],[1.743],[0.001 0.001 0.001 0.001 0.001 0.001],[0.0099]
[0.652],[1.7431],[0.001 0.001 0.001 0.001 0.001 0.001],[0.012]
[0.654],[1.7431],[0.001 0.001 0.001 0.001 0.001 0.001],[0.0144]
[0.656],[1.7431],[0.001 0.001 0.001 0.001 0.001 0.001],[0.0169]
[0.658],[1.7431],[0.001 0.001 0.001 0.001 0.001 0.001],[0.0197]
[0.66],[1.7431],[0.001 0.001 0.001 0.001 0.001 0.001],[0.0226]
[0.662],[1.7431],[0.001 0.001 0.001 0.001 0.001 0.001],[0.0275]
[0.664],[1.7431],[0.001 0.001 0.001 0.001 0.001 0.001],[0.0306]
[0.666],[1.7432],[0.001 0.001 0.001 0.001 0.001 0.001],[0.0339]
[0.668],[1.7432],[0.001 0.001 0.001 0.001 0.001 0.001],[0.0374]
[0.67],[1.7432],[0.001 0.001 0.001 0.001 0.001 0.001],[0.0412]
[0.672],[1.7432],[0.001 0.001 0.001 0.001 0.001 0.001],[0.0452]
[0.674],[1.7432],[0.001 0.001 0.001 0.001 0.001 0.001],[0.0495]
[0.676],[1.7432],[0.001 0.001 0.001 0.001 0.001 0.001],[0.0541]
[0.678],[1.7432],[0.001 0.001 0.001 0.001 0.001 0.001],[0.0589]
[0.68],[1.7432],[0.001 0.001 0.001 0.001 0.001 0.001],[0.064]
[0.682],[1.7432],[0.001 0.001 0.001 0.001 0.001 0.001],[0.0731]
[0.684],[1.7432],[0.001 0.001 0.001 0.001 0.001 0.001],[0.0782]
[0.686],[1.7432],[0.001 0.001 0.001 0.001 0.001 0.001],[0.0833]
[0.688],[1.7431],[0.001 0.001 0.001 0.001 0.001 0.001],[0.0885]
[0.69],[1.7431],[0.001 0.001 0.001 0.001 0.001 0.001],[0.0943]
[0.692],[1.7431],[0.001 0.001 0.001 0.001 0.001 0.001],[0.1003]
[0.694],[1.7431],[0.001 0.001 0.001 0.001 0.001 0.001],[0.1066]
[0.696],[1.743],[0.001 0.001 0.001 0.001 0.001 0.001],[0.1132]
[0.698],[1.743],[0.001 0.001 0.001 0.001 0.001 0.001],[0.12]
[0.7],[1.7429],[0.001 0.001 0.001 0.001 0.001 0.001],[0.1272]
[0.702],[1.7429],[0.001 0.001 0.001 0.001 0.001 0.001],[0.1409]
[0.704],[1.7428],[0.001 0.001 0.001 0.001 0.001 0.001],[0.1478]
[0.706],[1.7428],[0.001 0.001 0.001 0.001 0.001 0.001],[0.155]
[0.708],[1.7427],[0.001 0.001 0.001 0.001 0.001 0.001],[0.1624]
[0.71],[1.7426],[0.001 0.001 0.001 0.001 0.001 0.001],[0.1698]
[0.712],[1.7426],[0.001 0.001 0.001 0.001 0.001 0.001],[0.1773]
[0.714],[1.7425],[0.001 0.001 0.001 0.001 0.001 0.001],[0.1846]
[0.716],[1.7424],[0.001 0.001 0.001 0.001 0.001 0.001],[0.1922]
[0.718],[1.7423],[0.001 0.001 0.001 0.001 0.001 0.001],[0.2]
[0.72],[1.7422],[0.001 0.001 0.001 0.001 0.001 0.001],[0.208]
[0.722],[1.742],[0.001 0.001 0.001 0.001 0.001 0.001],[0.225]
[0.724],[1.7419],[0.001 0.001 0.001 0.001 0.001 0.001],[0.2325]
[0.726],[1.7418],[0.001 0.001 0.001 0.001 0.001 0.001],[0.2402]
[0.728],[1.7416],[0.001 0.001 0.001 0.001 0.001 0.001],[0.2481]
[0.73],[1.7414],[0.001 0.001 0.001 0.001 0.001 0.001],[0.2566]
[0.732],[1.7413],[0.001 0.001 0.001 0.001 0.001 0.001],[0.2657]
[0.734],[1.7411],[0.001 0.001 0.001 0.001 0.001 0.001],[0.275]
[0.736],[1.7409],[0.001 0.001 0.001 0.001 0.001 0.001],[0.2846]
[0.738],[1.7407],[0.001 0.001 0.001 0.001 0.001 0.001],[0.2944]
[0.74],[1.7405],[0.001 0.001 0.001 0.001 0.001 0.001],[0.3044]
[0.742],[1.7403],[0.001 0.001 0.001 0.001 0.001 0.001],[0.3263]
[0.744],[1.74],[0.001 0.001 0.001 0.001 0.001 0.001],[0.3352]
[0.746],[1.7398],[0.001 0.001 0.001 0.001 0.001 0.001],[0.3441]
[0.748],[1.7395],[0.001 0.001 0.001 0.001 0.001 0.001],[0.3529]
[0.75],[1.7392],[0.001 0.001 0.001 0.001 0.001 0.001],[0.3616]
[0.752],[1.7389],[0.001 0.001 0.001 0.001 0.001 0.001],[0.3702]
[0.754],[1.7386],[0.001 0.001 0.001 0.001 0.001 0.001],[0.3788]
[0.756],[1.7383],[0.001 0.001 0.001 0.001 0.001 0.001],[0.3873]
[0.758],[1.738],[0.001 0.001 0.001 0.001 0.001 0.001],[0.3958]
[0.76],[1.7376],[0.001 0.001 0.001 0.001 0.001 0.001],[0.4043]
[0.762],[1.7372],[0.001 0.001 0.001 0.001 0.001 0.001],[0.4266]
[0.764],[1.7369],[0.001 0.001 0.001 0.001 0.001 0.001],[0.4336]
[0.766],[1.7365],[0.001 0.001 0.001 0.001 0.001 0.001],[0.4403]
[0.768],[1.7361],[0.001 0.001 0.001 0.001 0.001 0.001],[0.4468]
[0.77],[1.7356],[0.001 0.001 0.001 0.001 0.001 0.001],[0.453]
[0.772],[1.7352],[0.001 0.001 0.001 0.001 0.001 0.001],[0.4589]
[0.774],[1.7347],[0.001 0.001 0.001 0.001 0.001 0.001],[0.4646]
[0.776],[1.7342],[0.001 0.001 0.001 0.001 0.001 0.001],[0.4702]
[0.778],[1.7337],[0.001 0.001 0.001 0.001 0.001 0.001],[0.4756]
[0.78],[1.7332],[0.001 0.001 0.001 0.001 0.001 0.001],[0.4811]
[0.782],[1.7327],[0.001  0.001  0.001  0.0011 0.0011 0.001 ],[0.5008]
[0.784],[1.7321],[0.001  0.001  0.001  0.0012 0.0012 0.001 ],[0.5055]
[0.786],[1.7316],[0.001  0.001  0.001  0.0012 0.0012 0.001 ],[0.5103]
[0.788],[1.731],[0.001  0.001  0.001  0.0012 0.0012 0.001 ],[0.515]
[0.79],[1.7304],[0.001  0.001  0.001  0.0012 0.0012 0.001 ],[0.5197]
[0.792],[1.7298],[0.001  0.001  0.001  0.0012 0.0012 0.001 ],[0.5243]
[0.794],[1.7291],[0.001  0.001  0.001  0.0012 0.0012 0.001 ],[0.5288]
[0.796],[1.7285],[0.001  0.001  0.001  0.0012 0.0012 0.001 ],[0.5333]
[0.798],[1.7278],[0.001  0.001  0.001  0.0012 0.0012 0.001 ],[0.5377]
[0.8],[1.7271],[0.001  0.001  0.001  0.0012 0.0012 0.001 ],[0.5421]
[0.802],[1.7264],[0.001  0.001  0.001  0.0015 0.0015 0.0011],[0.562]
[0.804],[1.7257],[0.001  0.001  0.001  0.0016 0.0016 0.0011],[0.5668]
[0.806],[1.725],[0.001  0.001  0.001  0.0017 0.0017 0.0011],[0.572]
[0.808],[1.7242],[0.001  0.001  0.001  0.0017 0.0017 0.0011],[0.5773]
[0.81],[1.7234],[0.001  0.001  0.001  0.0017 0.0017 0.0011],[0.5826]
[0.812],[1.7226],[0.001  0.001  0.001  0.0017 0.0017 0.0011],[0.5878]
[0.814],[1.7218],[0.001  0.001  0.001  0.0018 0.0018 0.0011],[0.593]
[0.816],[1.721],[0.001  0.001  0.001  0.0018 0.0018 0.0011],[0.5979]
[0.818],[1.7202],[0.001  0.001  0.001  0.0018 0.0018 0.0011],[0.6024]
[0.82],[1.7193],[0.001  0.001  0.001  0.0018 0.0018 0.0011],[0.6068]
[0.822],[1.7184],[0.001  0.001  0.001  0.0021 0.0021 0.0013],[0.6286]
[0.824],[1.7175],[0.001  0.001  0.001  0.0023 0.0023 0.0014],[0.6336]
[0.826],[1.7166],[0.001  0.001  0.001  0.0024 0.0024 0.0014],[0.6391]
[0.828],[1.7157],[0.001  0.001  0.001  0.0024 0.0024 0.0015],[0.6448]
[0.83],[1.7147],[0.001  0.001  0.001  0.0025 0.0025 0.0015],[0.6504]
[0.832],[1.7138],[0.001  0.001  0.001  0.0025 0.0025 0.0015],[0.6559]
[0.834],[1.7128],[0.001  0.001  0.001  0.0025 0.0025 0.0015],[0.6612]
[0.836],[1.7118],[0.001  0.001  0.001  0.0025 0.0025 0.0015],[0.6662]
[0.838],[1.7108],[0.001  0.001  0.001  0.0025 0.0025 0.0015],[0.6709]
[0.84],[1.7097],[0.001  0.001  0.001  0.0025 0.0025 0.0015],[0.6752]
[0.842],[1.7087],[0.001  0.001  0.001  0.003  0.003  0.0017],[0.699]
[0.844],[1.7076],[0.001  0.001  0.001  0.0032 0.0032 0.0018],[0.7043]
[0.846],[1.7065],[0.001  0.001  0.001  0.0034 0.0034 0.0019],[0.7103]
[0.848],[1.7054],[0.001  0.001  0.001  0.0034 0.0034 0.0019],[0.7166]
[0.85],[1.7043],[0.001  0.001  0.001  0.0035 0.0035 0.002 ],[0.723]
[0.852],[1.7032],[0.001  0.001  0.001  0.0035 0.0035 0.002 ],[0.7292]
[0.854],[1.702],[0.001  0.001  0.001  0.0035 0.0035 0.002 ],[0.7351]
[0.856],[1.7009],[0.001  0.001  0.001  0.0036 0.0036 0.002 ],[0.7407]
[0.858],[1.6997],[0.001  0.001  0.001  0.0036 0.0036 0.002 ],[0.746]
[0.86],[1.6985],[0.001  0.001  0.001  0.0036 0.0036 0.002 ],[0.7508]
[0.862],[1.6973],[0.001  0.001  0.001  0.0041 0.0041 0.0022],[0.777]
[0.864],[1.696],[0.001  0.001  0.001  0.0044 0.0044 0.0024],[0.7831]
[0.866],[1.6948],[0.001  0.001  0.001  0.0046 0.0046 0.0025],[0.7901]
[0.868],[1.6935],[0.001  0.001  0.001  0.0047 0.0047 0.0025],[0.7975]
[0.87],[1.6922],[0.001  0.001  0.001  0.0048 0.0048 0.0026],[0.8048]
[0.872],[1.6909],[0.001  0.001  0.001  0.0048 0.0048 0.0026],[0.8121]
[0.874],[1.6896],[0.001  0.001  0.001  0.0048 0.0048 0.0026],[0.819]
[0.876],[1.6883],[0.001  0.001  0.001  0.0048 0.0048 0.0026],[0.8255]
[0.878],[1.687],[0.001  0.001  0.001  0.0049 0.0049 0.0026],[0.8314]
[0.88],[1.6856],[0.001  0.001  0.001  0.0049 0.0049 0.0026],[0.8369]
[0.882],[1.6842],[0.001  0.001  0.001  0.0055 0.0055 0.0029],[0.8659]
[0.884],[1.6828],[0.001  0.001  0.001  0.0058 0.0058 0.0031],[0.8731]
[0.886],[1.6814],[0.001  0.001  0.001  0.0061 0.0061 0.0032],[0.8814]
[0.888],[1.68],[0.001  0.001  0.001  0.0062 0.0062 0.0033],[0.8903]
[0.89],[1.6786],[0.001  0.001  0.001  0.0063 0.0063 0.0033],[0.8992]
[0.892],[1.6771],[0.001  0.001  0.001  0.0063 0.0063 0.0033],[0.9079]
[0.894],[1.6757],[0.001  0.001  0.001  0.0064 0.0064 0.0033],[0.9164]
[0.896],[1.6742],[0.001  0.001  0.001  0.0064 0.0064 0.0033],[0.9243]
[0.898],[1.6727],[0.001  0.001  0.001  0.0064 0.0064 0.0033],[0.9317]
[0.9],[1.6712],[0.001  0.001  0.001  0.0064 0.0064 0.0033],[0.9385]
[0.902],[1.6697],[0.001  0.001  0.001  0.0071 0.0071 0.0037],[0.9707]
[0.904],[1.6681],[0.001  0.001  0.001  0.0075 0.0075 0.0039],[0.9792]
[0.906],[1.6666],[0.001  0.001  0.001  0.0078 0.0078 0.004 ],[0.989]
[0.908],[1.665],[0.001  0.001  0.001  0.0079 0.0079 0.0041],[0.9992]
[0.91],[1.6634],[0.001  0.001  0.001  0.008  0.008  0.0041],[1.0095]
[0.912],[1.6618],[0.001  0.001  0.001  0.0081 0.0081 0.0042],[1.0197]
[0.914],[1.6602],[0.001  0.001  0.001  0.0081 0.0081 0.0042],[1.0295]
[0.916],[1.6586],[0.001  0.001  0.001  0.0082 0.0082 0.0042],[1.0387]
[0.918],[1.6569],[0.001  0.001  0.001  0.0082 0.0082 0.0042],[1.0472]
[0.92],[1.6553],[0.001  0.001  0.001  0.0082 0.0082 0.0042],[1.0551]
[0.922],[1.6536],[0.001  0.001  0.001  0.009  0.009  0.0046],[1.0908]
[0.924],[1.6519],[0.001  0.001  0.001  0.0095 0.0095 0.0048],[1.1005]
[0.926],[1.6502],[0.001  0.001  0.001  0.0098 0.0098 0.0049],[1.1119]
[0.928],[1.6485],[0.001  0.001  0.001  0.0099 0.0099 0.005 ],[1.1241]
[0.93],[1.6467],[0.001  0.001  0.001  0.01   0.01   0.0051],[1.1365]
[0.932],[1.645],[0.001  0.001  0.001  0.0101 0.0101 0.0051],[1.1487]
[0.934],[1.6432],[0.001  0.001  0.001  0.0102 0.0102 0.0051],[1.1605]
[0.936],[1.6415],[0.001  0.001  0.001  0.0102 0.0102 0.0051],[1.1715]
[0.938],[1.6397],[0.001  0.001  0.001  0.0102 0.0102 0.0051],[1.1815]
[0.94],[1.6379],[0.001  0.001  0.001  0.0102 0.0102 0.0051],[1.1907]
[0.942],[1.6361],[0.001  0.001  0.001  0.0111 0.0111 0.0056],[1.2299]
[0.944],[1.6342],[0.001  0.001  0.001  0.0116 0.0116 0.0058],[1.2415]
[0.946],[1.6324],[0.001  0.001  0.001  0.0119 0.0119 0.006 ],[1.2548]
[0.948],[1.6305],[0.001  0.001  0.001  0.0121 0.0121 0.0061],[1.2689]
[0.95],[1.6286],[0.001  0.001  0.001  0.0123 0.0123 0.0061],[1.2832]
[0.952],[1.6268],[0.001  0.001  0.001  0.0123 0.0123 0.0062],[1.2973]
[0.954],[1.6249],[0.001  0.001  0.001  0.0124 0.0124 0.0062],[1.3107]
[0.956],[1.6229],[0.001  0.001  0.001  0.0124 0.0124 0.0062],[1.3232]
[0.958],[1.621],[0.001  0.001  0.001  0.0124 0.0124 0.0062],[1.3347]
[0.96],[1.6191],[0.001  0.001  0.001  0.0124 0.0124 0.0062],[1.345]
[0.962],[1.6171],[0.001  0.001  0.001  0.0134 0.0134 0.0067],[1.3875]
[0.964],[1.6151],[0.001  0.001  0.001  0.014  0.014  0.0069],[1.4002]
[0.966],[1.6131],[0.001  0.001  0.001  0.0143 0.0143 0.0071],[1.4147]
[0.968],[1.6111],[0.001  0.001  0.001  0.0146 0.0146 0.0072],[1.43]
[0.97],[1.6091],[0.001  0.001  0.001  0.0147 0.0147 0.0073],[1.4454]
[0.972],[1.6071],[0.001  0.001  0.001  0.0148 0.0148 0.0073],[1.4603]
[0.974],[1.605],[0.001  0.001  0.001  0.0148 0.0148 0.0073],[1.4741]
[0.976],[1.603],[0.001  0.001  0.001  0.0149 0.0149 0.0074],[1.4868]
[0.978],[1.6009],[0.001  0.001  0.001  0.0149 0.0149 0.0074],[1.4981]
[0.98],[1.5988],[0.001  0.001  0.001  0.0149 0.0149 0.0074],[1.508]
[0.982],[1.5967],[0.001  0.001  0.001  0.0159 0.0159 0.0079],[1.5511]
[0.984],[1.5946],[0.001  0.001  0.001  0.0166 0.0166 0.0082],[1.5634]
[0.986],[1.5925],[0.001  0.001  0.001  0.017  0.017  0.0083],[1.5777]
[0.988],[1.5903],[0.001  0.001  0.001  0.0172 0.0172 0.0085],[1.5929]
[0.99],[1.5882],[0.001  0.001  0.001  0.0173 0.0173 0.0085],[1.6081]
[0.992],[1.586],[0.001  0.001  0.001  0.0174 0.0174 0.0086],[1.6228]
[0.994],[1.5838],[0.001  0.001  0.001  0.0175 0.0175 0.0086],[1.6365]
[0.996],[1.5817],[0.001  0.001  0.001  0.0175 0.0175 0.0086],[1.6491]
[0.998],[1.5794],[0.001  0.001  0.001  0.0176 0.0176 0.0086],[1.6602]
[1.],[1.5772],[0.001  0.001  0.001  0.0176 0.0176 0.0086],[1.6698]
[1.002],[1.575],[0.001  0.001  0.001  0.0187 0.0187 0.0092],[1.7128]
[1.004],[1.5727],[0.001  0.001  0.001  0.0193 0.0193 0.0095],[1.7254]
[1.006],[1.5705],[0.001  0.001  0.001  0.0198 0.0198 0.0097],[1.7401]
[1.008],[1.5682],[0.001  0.001  0.001  0.02   0.02   0.0098],[1.7557]
[1.01],[1.5659],[0.001  0.001  0.001  0.0202 0.0202 0.0099],[1.7715]
[1.012],[1.5636],[0.001  0.001  0.001  0.0203 0.0203 0.0099],[1.7867]
[1.014],[1.5613],[0.001  0.001  0.001  0.0204 0.0204 0.0099],[1.8008]
[1.016],[1.559],[0.001  0.001  0.001  0.0204 0.0204 0.01  ],[1.8136]
[1.018],[1.5567],[0.001  0.001  0.001  0.0204 0.0204 0.01  ],[1.8248]
[1.02],[1.5544],[0.001  0.001  0.001  0.0204 0.0204 0.01  ],[1.8342]
[1.022],[1.552],[0.001  0.001  0.001  0.0246 0.0246 0.0105],[1.8772]
[1.024],[1.5496],[0.001  0.001  0.001  0.0272 0.0272 0.0109],[1.9085]
[1.026],[1.5473],[0.001  0.001  0.001  0.0288 0.0288 0.0111],[1.9526]
[1.028],[1.5449],[0.001  0.001  0.001  0.0298 0.0298 0.0112],[2.0051]
[1.03],[1.5426],[0.001  0.001  0.001  0.0304 0.0304 0.0113],[2.0625]
[1.032],[1.5402],[0.001  0.001  0.001  0.0308 0.0308 0.0113],[2.1221]
[1.034],[1.5378],[0.001  0.001  0.001  0.031  0.031  0.0114],[2.1816]
[1.036],[1.5355],[0.001  0.001  0.001  0.0312 0.0312 0.0114],[2.2393]
[1.038],[1.5331],[0.001  0.001  0.001  0.0313 0.0313 0.0114],[2.2937]
[1.04],[1.5307],[0.001  0.001  0.001  0.0314 0.0314 0.0114],[2.3436]
[1.042],[1.5283],[0.001  0.001  0.001  0.0358 0.0358 0.012 ],[2.4515]
[1.044],[1.5259],[0.001  0.001  0.001  0.0386 0.0386 0.0124],[2.5132]
[1.046],[1.5235],[0.001  0.001  0.001  0.0404 0.0404 0.0126],[2.5846]
[1.048],[1.5211],[0.001  0.001  0.001  0.0415 0.0415 0.0127],[2.6606]
[1.05],[1.5187],[0.001  0.001  0.001  0.0422 0.0422 0.0128],[2.7372]
[1.052],[1.5162],[0.001  0.001  0.001  0.0427 0.0427 0.0129],[2.8116]
[1.054],[1.5138],[0.001  0.001  0.001  0.043  0.043  0.0129],[2.8815]
[1.056],[1.5114],[0.001  0.001  0.001  0.0432 0.0432 0.0129],[2.9451]
[1.058],[1.5089],[0.001  0.001  0.001  0.0433 0.0433 0.0129],[3.0011]
[1.06],[1.5065],[0.001  0.001  0.001  0.0434 0.0434 0.0129],[3.0487]
[1.062],[1.504],[0.001  0.001  0.001  0.0464 0.0464 0.0135],[3.1627]
[1.064],[1.5015],[0.001  0.001  0.001  0.0483 0.0483 0.0139],[3.2046]
[1.066],[1.499],[0.001  0.001  0.001  0.0496 0.0496 0.0141],[3.2485]
[1.068],[1.4964],[0.001  0.001  0.001  0.0504 0.0504 0.0143],[3.2915]
[1.07],[1.4939],[0.001  0.001  0.001  0.0509 0.0509 0.0144],[3.3315]
[1.072],[1.4914],[0.001  0.001  0.001  0.0513 0.0513 0.0144],[3.3669]
[1.074],[1.4888],[0.001  0.001  0.001  0.0515 0.0515 0.0145],[3.3968]
[1.076],[1.4862],[0.001  0.001  0.001  0.0516 0.0516 0.0145],[3.4207]
[1.078],[1.4837],[0.001  0.001  0.001  0.0517 0.0517 0.0145],[3.4383]
[1.08],[1.4811],[0.001  0.001  0.001  0.0518 0.0518 0.0145],[3.4494]
[1.082],[1.4784],[0.001  0.001  0.001  0.0542 0.0542 0.0151],[3.5066]
[1.084],[1.4758],[0.001  0.001  0.001  0.0558 0.0558 0.0155],[3.5186]
[1.086],[1.4732],[0.001  0.001  0.001  0.0568 0.0568 0.0157],[3.5345]
[1.088],[1.4706],[0.001  0.001  0.001  0.0574 0.0574 0.0159],[3.5524]
[1.09],[1.4679],[0.001  0.001  0.001  0.0579 0.0579 0.016 ],[3.5707]
[1.092],[1.4653],[0.001  0.001  0.001  0.0582 0.0582 0.016 ],[3.5883]
[1.094],[1.4627],[0.001  0.001  0.001  0.0584 0.0584 0.0161],[3.6045]
[1.096],[1.46],[0.001  0.001  0.001  0.0585 0.0585 0.0161],[3.6187]
[1.098],[1.4574],[0.001  0.001  0.001  0.0586 0.0586 0.0161],[3.6307]
[1.1],[1.4547],[0.001  0.001  0.001  0.0586 0.0586 0.0161],[3.6402]
[1.102],[1.4521],[0.001  0.001  0.001  0.0625 0.0625 0.0167],[3.6848]
[1.104],[1.4494],[0.001  0.001  0.001  0.065  0.065  0.0171],[3.7146]
[1.106],[1.4468],[0.001  0.001  0.001  0.0667 0.0667 0.0174],[3.7577]
[1.108],[1.4442],[0.001  0.001  0.001  0.0678 0.0678 0.0175],[3.8098]
[1.11],[1.4415],[0.001  0.001  0.001  0.0685 0.0685 0.0176],[3.8675]
[1.112],[1.4389],[0.001  0.001  0.001  0.069  0.069  0.0177],[3.928]
[1.114],[1.4363],[0.001  0.001  0.001  0.0693 0.0693 0.0177],[3.989]
[1.116],[1.4337],[0.001  0.001  0.001  0.0696 0.0696 0.0177],[4.0486]
[1.118],[1.4311],[0.001  0.001  0.001  0.0697 0.0697 0.0177],[4.1053]
[1.12],[1.4285],[0.001  0.001  0.001  0.0698 0.0698 0.0178],[4.1579]
[1.122],[1.4259],[0.001  0.001  0.001  0.0731 0.0731 0.0184],[4.2667]
[1.124],[1.4233],[0.001  0.001  0.001  0.0753 0.0753 0.0188],[4.3253]
[1.126],[1.4208],[0.001  0.001  0.001  0.0767 0.0767 0.0191],[4.3909]
[1.128],[1.4182],[0.001  0.001  0.001  0.0777 0.0777 0.0192],[4.4597]
[1.13],[1.4156],[0.001  0.001  0.001  0.0784 0.0784 0.0193],[4.5284]
[1.132],[1.413],[0.001  0.001  0.001  0.0788 0.0788 0.0194],[4.5946]
[1.134],[1.4104],[0.001  0.001  0.001  0.0791 0.0791 0.0194],[4.6564]
[1.136],[1.4078],[0.001  0.001  0.001  0.0793 0.0793 0.0194],[4.7125]
[1.138],[1.4052],[0.001  0.001  0.001  0.0794 0.0794 0.0195],[4.7616]
[1.14],[1.4026],[0.001  0.001  0.001  0.0795 0.0795 0.0195],[4.803]
[1.142],[1.4],[0.001  0.001  0.001  0.0801 0.0801 0.0201],[4.9025]
[1.144],[1.3974],[0.001  0.001  0.001  0.0805 0.0805 0.0205],[4.9255]
[1.146],[1.3948],[0.001  0.001  0.001  0.0808 0.0808 0.0208],[4.9426]
[1.148],[1.3921],[0.001  0.001  0.001  0.081  0.081  0.0209],[4.9536]
[1.15],[1.3895],[0.001  0.001  0.001  0.0811 0.0811 0.021 ],[4.9585]
[1.152],[1.3868],[0.001  0.001  0.001  0.0812 0.0812 0.0211],[4.9575]
[1.154],[1.3842],[0.001  0.001  0.001  0.0813 0.0813 0.0211],[4.9509]
[1.156],[1.3815],[0.001  0.001  0.001  0.0813 0.0813 0.0212],[4.9393]
[1.158],[1.3788],[0.001  0.001  0.001  0.0813 0.0813 0.0212],[4.9234]
[1.16],[1.3761],[0.001  0.001  0.001  0.0813 0.0813 0.0212],[4.9039]
[1.162],[1.3734],[0.001  0.001  0.001  0.0813 0.0813 0.0218],[4.9046]
[1.164],[1.3707],[0.001  0.001  0.001  0.0814 0.0814 0.0222],[4.8813]
[1.166],[1.368],[0.001  0.001  0.001  0.0814 0.0814 0.0225],[4.857]
[1.168],[1.3653],[0.001  0.001  0.001  0.0814 0.0814 0.0226],[4.8324]
[1.17],[1.3626],[0.001  0.001  0.001  0.0814 0.0814 0.0227],[4.8079]
[1.172],[1.3599],[0.001  0.001  0.001  0.0814 0.0814 0.0228],[4.7842]
[1.174],[1.3573],[0.001  0.001  0.001  0.0814 0.0814 0.0228],[4.7617]
[1.176],[1.3546],[0.001  0.001  0.001  0.0814 0.0814 0.0228],[4.7409]
[1.178],[1.3519],[0.001  0.001  0.001  0.0814 0.0814 0.0228],[4.7221]
[1.18],[1.3492],[0.001  0.001  0.001  0.0814 0.0814 0.0229],[4.7056]
[1.182],[1.3465],[0.001  0.001  0.001  0.0835 0.0835 0.0235],[4.6942]
[1.184],[1.3439],[0.001  0.001  0.001  0.085  0.085  0.0239],[4.7023]
[1.186],[1.3413],[0.001  0.001  0.001  0.086  0.086  0.0241],[4.723]
[1.188],[1.3386],[0.001  0.001  0.001  0.0867 0.0867 0.0243],[4.7537]
[1.19],[1.336],[0.001  0.001  0.001  0.0871 0.0871 0.0244],[4.7919]
[1.192],[1.3334],[0.001  0.001  0.001  0.0875 0.0875 0.0244],[4.8356]
[1.194],[1.3309],[0.001  0.001  0.001  0.0877 0.0877 0.0245],[4.8828]
[1.196],[1.3283],[0.001  0.001  0.001  0.0878 0.0878 0.0245],[4.932]
[1.198],[1.3258],[0.001  0.001  0.001  0.0879 0.0879 0.0245],[4.9816]
[1.2],[1.3232],[0.001  0.001  0.001  0.088  0.088  0.0245],[5.0304]
[1.202],[1.3207],[0.001  0.001  0.001  0.0898 0.0898 0.0251],[5.1179]
[1.204],[1.3182],[0.001  0.001  0.001  0.0911 0.0911 0.0255],[5.1714]
[1.206],[1.3156],[0.001  0.001  0.001  0.0919 0.0919 0.0258],[5.2294]
[1.208],[1.3131],[0.001  0.001  0.001  0.0925 0.0925 0.026 ],[5.2889]
[1.21],[1.3106],[0.001  0.001  0.001  0.0929 0.0929 0.0261],[5.3478]
[1.212],[1.3081],[0.001  0.001  0.001  0.0932 0.0932 0.0261],[5.4041]
[1.214],[1.3056],[0.001  0.001  0.001  0.0934 0.0934 0.0262],[5.4564]
[1.216],[1.3031],[0.001  0.001  0.001  0.0935 0.0935 0.0262],[5.5036]
[1.218],[1.3006],[0.001  0.001  0.001  0.0936 0.0936 0.0262],[5.5447]
[1.22],[1.2981],[0.001  0.001  0.001  0.0937 0.0937 0.0262],[5.5793]
[1.222],[1.2955],[0.001  0.001  0.001  0.0935 0.0935 0.0268],[5.6581]
[1.224],[1.293],[0.001  0.001  0.001  0.0934 0.0934 0.0272],[5.6728]
[1.226],[1.2905],[0.001  0.001  0.001  0.0933 0.0933 0.0274],[5.6797]
[1.228],[1.2879],[0.001  0.001  0.001  0.0931 0.0931 0.0276],[5.6791]
[1.23],[1.2853],[0.001  0.001  0.001  0.093  0.093  0.0277],[5.6715]
[1.232],[1.2828],[0.001  0.001  0.001  0.0929 0.0929 0.0278],[5.6573]
[1.234],[1.2802],[0.001  0.001  0.001  0.0928 0.0928 0.0278],[5.6374]
[1.236],[1.2776],[0.001  0.001  0.001  0.0927 0.0927 0.0278],[5.6124]
[1.238],[1.275],[0.001  0.001  0.001  0.0926 0.0926 0.0278],[5.5834]
[1.24],[1.2724],[0.001  0.001  0.001  0.0925 0.0925 0.0278],[5.5511]
[1.242],[1.2698],[0.001  0.001  0.001  0.0922 0.0922 0.0284],[5.5233]
[1.244],[1.2671],[0.001  0.001  0.001  0.092  0.092  0.0288],[5.4889]
[1.246],[1.2645],[0.001  0.001  0.001  0.0918 0.0918 0.029 ],[5.4536]
[1.248],[1.2619],[0.001  0.001  0.001  0.0915 0.0915 0.0292],[5.418]
[1.25],[1.2593],[0.001  0.001  0.001  0.0913 0.0913 0.0293],[5.3826]
[1.252],[1.2566],[0.001  0.001  0.001  0.0911 0.0911 0.0293],[5.348]
[1.254],[1.254],[0.001  0.001  0.001  0.0909 0.0909 0.0294],[5.3147]
[1.256],[1.2514],[0.001  0.001  0.001  0.0907 0.0907 0.0294],[5.2833]
[1.258],[1.2488],[0.001  0.001  0.001  0.0906 0.0906 0.0294],[5.254]
[1.26],[1.2462],[0.001  0.001  0.001  0.0904 0.0904 0.0294],[5.2273]
[1.262],[1.2436],[0.001  0.001  0.001  0.0905 0.0905 0.03  ],[5.1908]
[1.264],[1.241],[0.001  0.001  0.001  0.0905 0.0905 0.0303],[5.1772]
[1.266],[1.2384],[0.001  0.001  0.001  0.0906 0.0906 0.0305],[5.1687]
[1.268],[1.2359],[0.001  0.001  0.001  0.0906 0.0906 0.0307],[5.1649]
[1.27],[1.2333],[0.001  0.001  0.001  0.0906 0.0906 0.0308],[5.1652]
[1.272],[1.2307],[0.001  0.001  0.001  0.0906 0.0906 0.0308],[5.1693]
[1.274],[1.2282],[0.001  0.001  0.001  0.0906 0.0906 0.0309],[5.1768]
[1.276],[1.2257],[0.001  0.001  0.001  0.0906 0.0906 0.0309],[5.1871]
[1.278],[1.2231],[0.001  0.001  0.001  0.0906 0.0906 0.0309],[5.1996]
[1.28],[1.2206],[0.001  0.001  0.001  0.0906 0.0906 0.0309],[5.214]
[1.282],[1.2181],[0.001  0.001  0.001  0.0924 0.0924 0.0315],[5.2388]
[1.284],[1.2156],[0.001  0.001  0.001  0.0936 0.0936 0.0319],[5.2685]
[1.286],[1.2131],[0.001  0.001  0.001  0.0944 0.0944 0.0321],[5.3066]
[1.288],[1.2106],[0.001  0.001  0.001  0.095  0.095  0.0322],[5.3504]
[1.29],[1.2082],[0.001  0.001  0.001  0.0954 0.0954 0.0323],[5.3976]
[1.292],[1.2057],[0.001  0.001  0.001  0.0956 0.0956 0.0324],[5.4462]
[1.294],[1.2032],[0.001  0.001  0.001  0.0958 0.0958 0.0324],[5.4947]
[1.296],[1.2008],[0.001  0.001  0.001  0.0959 0.0959 0.0324],[5.5415]
[1.298],[1.1983],[0.001  0.001  0.001  0.096  0.096  0.0325],[5.5855]
[1.3],[1.1959],[0.001  0.001  0.001  0.0961 0.0961 0.0325],[5.6257]
[1.302],[1.1934],[0.001 0.001 0.001 0.096 0.096 0.033],[5.7001]
[1.304],[1.1909],[0.001  0.001  0.001  0.0959 0.0959 0.0334],[5.7262]
[1.306],[1.1885],[0.001  0.001  0.001  0.0959 0.0959 0.0336],[5.7464]
[1.308],[1.186],[0.001  0.001  0.001  0.0958 0.0958 0.0337],[5.7605]
[1.31],[1.1835],[0.001  0.001  0.001  0.0957 0.0957 0.0338],[5.7685]
[1.312],[1.181],[0.001  0.001  0.001  0.0956 0.0956 0.0339],[5.7704]
[1.314],[1.1785],[0.001  0.001  0.001  0.0956 0.0956 0.0339],[5.7665]
[1.316],[1.176],[0.001  0.001  0.001  0.0955 0.0955 0.034 ],[5.7572]
[1.318],[1.1734],[0.001  0.001  0.001  0.0955 0.0955 0.034 ],[5.743]
[1.32],[1.1709],[0.001  0.001  0.001  0.0954 0.0954 0.034 ],[5.7244]
[1.322],[1.1683],[0.001  0.001  0.001  0.0952 0.0952 0.0345],[5.714]
[1.324],[1.1658],[0.001  0.001  0.001  0.095  0.095  0.0348],[5.6886]
[1.326],[1.1632],[0.001  0.001  0.001  0.0949 0.0949 0.0351],[5.6606]
[1.328],[1.1606],[0.001  0.001  0.001  0.0947 0.0947 0.0352],[5.6304]
[1.33],[1.1581],[0.001  0.001  0.001  0.0945 0.0945 0.0353],[5.5985]
[1.332],[1.1555],[0.001  0.001  0.001  0.0944 0.0944 0.0353],[5.5657]
[1.334],[1.1529],[0.001  0.001  0.001  0.0942 0.0942 0.0354],[5.5324]
[1.336],[1.1503],[0.001  0.001  0.001  0.0941 0.0941 0.0354],[5.4993]
[1.338],[1.1477],[0.001  0.001  0.001  0.0939 0.0939 0.0354],[5.4667]
[1.34],[1.1451],[0.001  0.001  0.001  0.0938 0.0938 0.0354],[5.4353]
[1.342],[1.1426],[0.001  0.001  0.001  0.0937 0.0937 0.0359],[5.3917]
[1.344],[1.14],[0.001  0.001  0.001  0.0937 0.0937 0.0363],[5.3692]
[1.346],[1.1374],[0.001  0.001  0.001  0.0936 0.0936 0.0365],[5.35]
[1.348],[1.1348],[0.001  0.001  0.001  0.0936 0.0936 0.0366],[5.334]
[1.35],[1.1323],[0.001  0.001  0.001  0.0936 0.0936 0.0367],[5.3212]
[1.352],[1.1297],[0.001  0.001  0.001  0.0935 0.0935 0.0367],[5.3113]
[1.354],[1.1272],[0.001  0.001  0.001  0.0935 0.0935 0.0368],[5.3042]
[1.356],[1.1246],[0.001  0.001  0.001  0.0934 0.0934 0.0368],[5.2997]
[1.358],[1.1221],[0.001  0.001  0.001  0.0934 0.0934 0.0368],[5.2974]
[1.36],[1.1196],[0.001  0.001  0.001  0.0934 0.0934 0.0368],[5.2972]
[1.362],[1.1171],[0.001  0.001  0.001  0.0952 0.0952 0.0373],[5.296]
[1.364],[1.1145],[0.001  0.001  0.001  0.0964 0.0964 0.0377],[5.3137]
[1.366],[1.112],[0.001  0.001  0.001  0.0972 0.0972 0.0379],[5.3405]
[1.368],[1.1095],[0.001  0.001  0.001  0.0978 0.0978 0.038 ],[5.3741]
[1.37],[1.1071],[0.001  0.001  0.001  0.0982 0.0982 0.0381],[5.4121]
[1.372],[1.1046],[0.001  0.001  0.001  0.0985 0.0985 0.0381],[5.4529]
[1.374],[1.1021],[0.001  0.001  0.001  0.0987 0.0987 0.0382],[5.4947]
[1.376],[1.0997],[0.001  0.001  0.001  0.0988 0.0988 0.0382],[5.536]
[1.378],[1.0972],[0.001  0.001  0.001  0.0989 0.0989 0.0382],[5.5756]
[1.38],[1.0947],[0.001  0.001  0.001  0.0989 0.0989 0.0382],[5.6125]
[1.382],[1.0923],[0.001  0.001  0.001  0.0991 0.0991 0.0387],[5.6758]
[1.384],[1.0898],[0.001  0.001  0.001  0.0992 0.0992 0.0391],[5.7026]
[1.386],[1.0874],[0.001  0.001  0.001  0.0992 0.0992 0.0393],[5.7253]
[1.388],[1.0849],[0.001  0.001  0.001  0.0993 0.0993 0.0394],[5.7435]
[1.39],[1.0824],[0.001  0.001  0.001  0.0993 0.0993 0.0395],[5.7566]
[1.392],[1.0799],[0.001  0.001  0.001  0.0993 0.0993 0.0395],[5.7647]
[1.394],[1.0774],[0.001  0.001  0.001  0.0993 0.0993 0.0396],[5.7676]
[1.396],[1.0749],[0.001  0.001  0.001  0.0993 0.0993 0.0396],[5.7655]
[1.398],[1.0724],[0.001  0.001  0.001  0.0993 0.0993 0.0396],[5.7587]
[1.4],[1.0699],[0.001  0.001  0.001  0.0994 0.0994 0.0396],[5.7474]
[1.402],[1.0674],[0.001  0.001  0.001  0.0992 0.0992 0.0401],[5.7446]
[1.404],[1.0649],[0.001  0.001  0.001  0.0991 0.0991 0.0404],[5.7253]
[1.406],[1.0623],[0.001  0.001  0.001  0.099  0.099  0.0406],[5.7028]
[1.408],[1.0598],[0.001  0.001  0.001  0.0989 0.0989 0.0408],[5.6776]
[1.41],[1.0572],[0.001  0.001  0.001  0.0988 0.0988 0.0408],[5.65]
[1.412],[1.0547],[0.001  0.001  0.001  0.0987 0.0987 0.0409],[5.6207]
[1.414],[1.0521],[0.001  0.001  0.001  0.0986 0.0986 0.0409],[5.5902]
[1.416],[1.0496],[0.001  0.001  0.001  0.0985 0.0985 0.0409],[5.559]
[1.418],[1.047],[0.001  0.001  0.001  0.0984 0.0984 0.041 ],[5.5276]
[1.42],[1.0445],[0.001  0.001  0.001  0.0983 0.0983 0.041 ],[5.4967]
[1.422],[1.0419],[0.001  0.001  0.001  0.0982 0.0982 0.0414],[5.4528]
[1.424],[1.0394],[0.001  0.001  0.001  0.0982 0.0982 0.0417],[5.4284]
[1.426],[1.0368],[0.001  0.001  0.001  0.0981 0.0981 0.0419],[5.4061]
[1.428],[1.0343],[0.001  0.001  0.001  0.0981 0.0981 0.042 ],[5.3862]
[1.43],[1.0318],[0.001  0.001  0.001  0.098  0.098  0.0421],[5.3685]
[1.432],[1.0292],[0.001  0.001  0.001  0.098  0.098  0.0422],[5.3532]
[1.434],[1.0267],[0.001  0.001  0.001  0.0979 0.0979 0.0422],[5.3402]
[1.436],[1.0242],[0.001  0.001  0.001  0.0979 0.0979 0.0422],[5.3293]
[1.438],[1.0217],[0.001  0.001  0.001  0.0978 0.0978 0.0422],[5.3204]
[1.44],[1.0192],[0.001  0.001  0.001  0.0978 0.0978 0.0423],[5.3134]
[1.442],[1.0167],[0.001  0.001  0.001  0.099  0.099  0.0427],[5.2999]
[1.444],[1.0142],[0.001  0.001  0.001  0.0998 0.0998 0.043 ],[5.3072]
[1.446],[1.0117],[0.001  0.001  0.001  0.1004 0.1004 0.0432],[5.3213]
[1.448],[1.0092],[0.001  0.001  0.001  0.1008 0.1008 0.0433],[5.3407]
[1.45],[1.0068],[0.001  0.001  0.001  0.101  0.101  0.0434],[5.3637]
[1.452],[1.0043],[0.001  0.001  0.001  0.1012 0.1012 0.0435],[5.3891]
[1.454],[1.0019],[0.001  0.001  0.001  0.1014 0.1014 0.0435],[5.4157]
[1.456],[0.9994],[0.001  0.001  0.001  0.1014 0.1014 0.0435],[5.4425]
[1.458],[0.997],[0.001  0.001  0.001  0.1015 0.1015 0.0435],[5.4686]
[1.46],[0.9945],[0.001  0.001  0.001  0.1016 0.1016 0.0435],[5.4932]
[1.462],[0.9921],[0.001  0.001  0.001  0.1017 0.1017 0.044 ],[5.5331]
[1.464],[0.9897],[0.001  0.001  0.001  0.1017 0.1017 0.0443],[5.5519]
[1.466],[0.9872],[0.001  0.001  0.001  0.1018 0.1018 0.0445],[5.5683]
[1.468],[0.9848],[0.001  0.001  0.001  0.1018 0.1018 0.0446],[5.5817]
[1.47],[0.9824],[0.001  0.001  0.001  0.1019 0.1019 0.0447],[5.5919]
[1.472],[0.9799],[0.001  0.001  0.001  0.1019 0.1019 0.0447],[5.5987]
[1.474],[0.9775],[0.001  0.001  0.001  0.1019 0.1019 0.0448],[5.6018]
[1.476],[0.975],[0.001  0.001  0.001  0.1019 0.1019 0.0448],[5.6014]
[1.478],[0.9725],[0.001  0.001  0.001  0.1019 0.1019 0.0448],[5.5975]
[1.48],[0.9701],[0.001  0.001  0.001  0.1019 0.1019 0.0448],[5.5904]
[1.482],[0.9676],[0.001  0.001  0.001  0.102  0.102  0.0453],[5.5884]
[1.484],[0.9651],[0.001  0.001  0.001  0.102  0.102  0.0455],[5.576]
[1.486],[0.9626],[0.001  0.001  0.001  0.102  0.102  0.0457],[5.5617]
[1.488],[0.9602],[0.001  0.001  0.001  0.102  0.102  0.0458],[5.5459]
[1.49],[0.9577],[0.001  0.001  0.001  0.102  0.102  0.0459],[5.5286]
[1.492],[0.9552],[0.001 0.001 0.001 0.102 0.102 0.046],[5.5103]
[1.494],[0.9527],[0.001 0.001 0.001 0.102 0.102 0.046],[5.4912]
[1.496],[0.9502],[0.001  0.001  0.001  0.1021 0.1021 0.046 ],[5.4716]
[1.498],[0.9477],[0.001  0.001  0.001  0.1021 0.1021 0.046 ],[5.4519]
[1.5],[0.9452],[0.001  0.001  0.001  0.1021 0.1021 0.046 ],[5.4323]
[1.502],[0.9427],[0.001  0.001  0.001  0.1029 0.1029 0.0465],[5.4046]
[1.504],[0.9402],[0.001  0.001  0.001  0.1035 0.1035 0.0467],[5.3943]
[1.506],[0.9377],[0.001  0.001  0.001  0.104  0.104  0.0469],[5.3885]
[1.508],[0.9352],[0.001  0.001  0.001  0.1043 0.1043 0.047 ],[5.3866]
[1.51],[0.9327],[0.001  0.001  0.001  0.1045 0.1045 0.0471],[5.3876]
[1.512],[0.9302],[0.001  0.001  0.001  0.1046 0.1046 0.0471],[5.391]
[1.514],[0.9278],[0.001  0.001  0.001  0.1047 0.1047 0.0472],[5.396]
[1.516],[0.9253],[0.001  0.001  0.001  0.1048 0.1048 0.0472],[5.4021]
[1.518],[0.9228],[0.001  0.001  0.001  0.1048 0.1048 0.0472],[5.4088]
[1.52],[0.9204],[0.001  0.001  0.001  0.1049 0.1049 0.0472],[5.4157]
[1.522],[0.9179],[0.001  0.001  0.001  0.1058 0.1058 0.0476],[5.4254]
[1.524],[0.9155],[0.001  0.001  0.001  0.1064 0.1064 0.0479],[5.4375]
[1.526],[0.913],[0.001  0.001  0.001  0.1068 0.1068 0.048 ],[5.4523]
[1.528],[0.9106],[0.001  0.001  0.001  0.1071 0.1071 0.0482],[5.4687]
[1.53],[0.9081],[0.001  0.001  0.001  0.1073 0.1073 0.0482],[5.4855]
[1.532],[0.9057],[0.001  0.001  0.001  0.1075 0.1075 0.0483],[5.5019]
[1.534],[0.9032],[0.001  0.001  0.001  0.1076 0.1076 0.0483],[5.5173]
[1.536],[0.9008],[0.001  0.001  0.001  0.1076 0.1076 0.0483],[5.5309]
[1.538],[0.8983],[0.001  0.001  0.001  0.1077 0.1077 0.0483],[5.5423]
[1.54],[0.8959],[0.001  0.001  0.001  0.1077 0.1077 0.0483],[5.5512]
[1.542],[0.8934],[0.001  0.001  0.001  0.1086 0.1086 0.0487],[5.5694]
[1.544],[0.891],[0.001  0.001  0.001  0.1092 0.1092 0.049 ],[5.5768]
[1.546],[0.8885],[0.001  0.001  0.001  0.1097 0.1097 0.0492],[5.5847]
[1.548],[0.8861],[0.001  0.001  0.001  0.11   0.11   0.0493],[5.5922]
[1.55],[0.8836],[0.001  0.001  0.001  0.1102 0.1102 0.0494],[5.5986]
[1.552],[0.8811],[0.001  0.001  0.001  0.1103 0.1103 0.0494],[5.6034]
[1.554],[0.8787],[0.001  0.001  0.001  0.1104 0.1104 0.0494],[5.6063]
[1.556],[0.8762],[0.001  0.001  0.001  0.1105 0.1105 0.0495],[5.607]
[1.558],[0.8737],[0.001  0.001  0.001  0.1105 0.1105 0.0495],[5.6053]
[1.56],[0.8713],[0.001  0.001  0.001  0.1106 0.1106 0.0495],[5.6013]
[1.562],[0.8688],[0.001  0.001  0.001  0.1114 0.1114 0.0499],[5.6006]
[1.564],[0.8663],[0.001  0.001  0.001  0.112  0.112  0.0501],[5.5969]
[1.566],[0.8638],[0.001  0.001  0.001  0.1124 0.1124 0.0503],[5.5944]
[1.568],[0.8613],[0.001  0.001  0.001  0.1127 0.1127 0.0504],[5.5925]
[1.57],[0.8588],[0.001  0.001  0.001  0.1129 0.1129 0.0505],[5.5905]
[1.572],[0.8564],[0.001  0.001  0.001  0.1131 0.1131 0.0505],[5.5881]
[1.574],[0.8539],[0.001  0.001  0.001  0.1132 0.1132 0.0505],[5.585]
[1.576],[0.8514],[0.001  0.001  0.001  0.1133 0.1133 0.0505],[5.5809]
[1.578],[0.8489],[0.001  0.001  0.001  0.1133 0.1133 0.0506],[5.5758]
[1.58],[0.8464],[0.001  0.001  0.001  0.1133 0.1133 0.0506],[5.5695]
[1.582],[0.8439],[0.001  0.001  0.001  0.1142 0.1142 0.0509],[5.5625]
[1.584],[0.8414],[0.001  0.001  0.001  0.1148 0.1148 0.0512],[5.5595]
[1.586],[0.839],[0.001  0.001  0.001  0.1152 0.1152 0.0513],[5.5585]
[1.588],[0.8365],[0.001  0.001  0.001  0.1155 0.1155 0.0514],[5.5588]
[1.59],[0.834],[0.001  0.001  0.001  0.1157 0.1157 0.0515],[5.5598]
[1.592],[0.8315],[0.001  0.001  0.001  0.1158 0.1158 0.0516],[5.561]
[1.594],[0.829],[0.001  0.001  0.001  0.1159 0.1159 0.0516],[5.5618]
[1.596],[0.8265],[0.001  0.001  0.001  0.116  0.116  0.0516],[5.562]
[1.598],[0.8241],[0.001  0.001  0.001  0.116  0.116  0.0516],[5.5612]
[1.6],[0.8216],[0.001  0.001  0.001  0.1161 0.1161 0.0516],[5.5592]
[1.602],[0.8191],[0.001  0.001  0.001  0.1169 0.1169 0.052 ],[5.5576]
[1.604],[0.8166],[0.001  0.001  0.001  0.1175 0.1175 0.0522],[5.5581]
[1.606],[0.8141],[0.001  0.001  0.001  0.1179 0.1179 0.0524],[5.5602]
[1.608],[0.8116],[0.001  0.001  0.001  0.1182 0.1182 0.0525],[5.5631]
[1.61],[0.8092],[0.001  0.001  0.001  0.1184 0.1184 0.0525],[5.5662]
[1.612],[0.8067],[0.001  0.001  0.001  0.1185 0.1185 0.0526],[5.5689]
[1.614],[0.8042],[0.001  0.001  0.001  0.1186 0.1186 0.0526],[5.5708]
[1.616],[0.8017],[0.001  0.001  0.001  0.1187 0.1187 0.0526],[5.5714]
[1.618],[0.7993],[0.001  0.001  0.001  0.1187 0.1187 0.0526],[5.5706]
[1.62],[0.7968],[0.001  0.001  0.001  0.1188 0.1188 0.0527],[5.5681]
[1.622],[0.7943],[0.001  0.001  0.001  0.1196 0.1196 0.053 ],[5.5663]
[1.624],[0.7918],[0.001  0.001  0.001  0.1201 0.1201 0.0532],[5.5651]
[1.626],[0.7893],[0.001  0.001  0.001  0.1205 0.1205 0.0534],[5.565]
[1.628],[0.7869],[0.001  0.001  0.001  0.1208 0.1208 0.0535],[5.5653]
[1.63],[0.7844],[0.001  0.001  0.001  0.121  0.121  0.0536],[5.5655]
[1.632],[0.7819],[0.001  0.001  0.001  0.1212 0.1212 0.0536],[5.5651]
[1.634],[0.7794],[0.001  0.001  0.001  0.1213 0.1213 0.0536],[5.5637]
[1.636],[0.777],[0.001  0.001  0.001  0.1213 0.1213 0.0536],[5.5614]
[1.638],[0.7745],[0.001  0.001  0.001  0.1214 0.1214 0.0537],[5.5581]
[1.64],[0.772],[0.001  0.001  0.001  0.1214 0.1214 0.0537],[5.5537]
[1.642],[0.7695],[0.001  0.001  0.001  0.1222 0.1222 0.054 ],[5.5486]
[1.644],[0.767],[0.001  0.001  0.001  0.1228 0.1228 0.0542],[5.5465]
[1.646],[0.7646],[0.001  0.001  0.001  0.1231 0.1231 0.0544],[5.546]
[1.648],[0.7621],[0.001  0.001  0.001  0.1234 0.1234 0.0545],[5.5465]
[1.65],[0.7596],[0.001  0.001  0.001  0.1236 0.1236 0.0545],[5.5474]
[1.652],[0.7571],[0.001  0.001  0.001  0.1238 0.1238 0.0546],[5.5483]
[1.654],[0.7547],[0.001  0.001  0.001  0.1239 0.1239 0.0546],[5.5487]
[1.656],[0.7522],[0.001  0.001  0.001  0.1239 0.1239 0.0546],[5.5485]
[1.658],[0.7497],[0.001  0.001  0.001  0.124  0.124  0.0546],[5.5474]
[1.66],[0.7473],[0.001  0.001  0.001  0.124  0.124  0.0546],[5.5451]
[1.662],[0.7448],[0.001  0.001  0.001  0.1248 0.1248 0.055 ],[5.5427]
[1.664],[0.7423],[0.001  0.001  0.001  0.1253 0.1253 0.0552],[5.5425]
[1.666],[0.7398],[0.001  0.001  0.001  0.1257 0.1257 0.0553],[5.5437]
[1.668],[0.7374],[0.001  0.001  0.001  0.126  0.126  0.0554],[5.5456]
[1.67],[0.7349],[0.001  0.001  0.001  0.1262 0.1262 0.0555],[5.5478]
[1.672],[0.7324],[0.001  0.001  0.001  0.1263 0.1263 0.0555],[5.5497]
[1.674],[0.73],[0.001  0.001  0.001  0.1264 0.1264 0.0555],[5.5509]
[1.676],[0.7275],[0.001  0.001  0.001  0.1265 0.1265 0.0556],[5.5513]
[1.678],[0.725],[0.001  0.001  0.001  0.1265 0.1265 0.0556],[5.5505]
[1.68],[0.7226],[0.001  0.001  0.001  0.1266 0.1266 0.0556],[5.5484]
[1.682],[0.7201],[0.001  0.001  0.001  0.1273 0.1273 0.0559],[5.5463]
[1.684],[0.7177],[0.001  0.001  0.001  0.1278 0.1278 0.0561],[5.5455]
[1.686],[0.7152],[0.001  0.001  0.001  0.1282 0.1282 0.0562],[5.5459]
[1.688],[0.7127],[0.001  0.001  0.001  0.1285 0.1285 0.0563],[5.5469]
[1.69],[0.7103],[0.001  0.001  0.001  0.1287 0.1287 0.0564],[5.5479]
[1.692],[0.7078],[0.001  0.001  0.001  0.1288 0.1288 0.0564],[5.5485]
[1.694],[0.7053],[0.001  0.001  0.001  0.1289 0.1289 0.0565],[5.5484]
[1.696],[0.7029],[0.001  0.001  0.001  0.129  0.129  0.0565],[5.5473]
[1.698],[0.7004],[0.001  0.001  0.001  0.129  0.129  0.0565],[5.5452]
[1.7],[0.698],[0.001  0.001  0.001  0.1291 0.1291 0.0565],[5.5417]
[1.702],[0.6955],[0.001  0.001  0.001  0.1298 0.1298 0.0568],[5.5375]
[1.704],[0.693],[0.001  0.001  0.001  0.1303 0.1303 0.057 ],[5.5355]
[1.706],[0.6906],[0.001  0.001  0.001  0.1307 0.1307 0.0572],[5.5347]
[1.708],[0.6881],[0.001  0.001  0.001  0.1309 0.1309 0.0573],[5.5346]
[1.71],[0.6856],[0.001  0.001  0.001  0.1311 0.1311 0.0573],[5.5345]
[1.712],[0.6832],[0.001  0.001  0.001  0.1313 0.1313 0.0574],[5.5341]
[1.714],[0.6807],[0.001  0.001  0.001  0.1314 0.1314 0.0574],[5.5332]
[1.716],[0.6783],[0.001  0.001  0.001  0.1314 0.1314 0.0574],[5.5314]
[1.718],[0.6758],[0.001  0.001  0.001  0.1315 0.1315 0.0574],[5.5287]
[1.72],[0.6734],[0.001  0.001  0.001  0.1315 0.1315 0.0574],[5.5249]
[1.722],[0.6709],[0.001  0.001  0.001  0.1322 0.1322 0.0577],[5.5196]
[1.724],[0.6684],[0.001  0.001  0.001  0.1327 0.1327 0.058 ],[5.5174]
[1.726],[0.666],[0.001  0.001  0.001  0.1331 0.1331 0.0581],[5.5164]
[1.728],[0.6635],[0.001  0.001  0.001  0.1333 0.1333 0.0582],[5.516]
[1.73],[0.661],[0.001  0.001  0.001  0.1335 0.1335 0.0582],[5.5157]
[1.732],[0.6586],[0.001  0.001  0.001  0.1337 0.1337 0.0583],[5.5151]
[1.734],[0.6561],[0.001  0.001  0.001  0.1337 0.1337 0.0583],[5.514]
[1.736],[0.6537],[0.001  0.001  0.001  0.1338 0.1338 0.0583],[5.5122]
[1.738],[0.6512],[0.001  0.001  0.001  0.1339 0.1339 0.0583],[5.5093]
[1.74],[0.6488],[0.001  0.001  0.001  0.1339 0.1339 0.0583],[5.5053]
[1.742],[0.6463],[0.001  0.001  0.001  0.1346 0.1346 0.0587],[5.4995]
[1.744],[0.6438],[0.001  0.001  0.001  0.1351 0.1351 0.0589],[5.497]
[1.746],[0.6414],[0.001  0.001  0.001  0.1354 0.1354 0.059 ],[5.4955]
[1.748],[0.6389],[0.001  0.001  0.001  0.1357 0.1357 0.0591],[5.4945]
[1.75],[0.6365],[0.001  0.001  0.001  0.1359 0.1359 0.0592],[5.4936]
[1.752],[0.634],[0.001  0.001  0.001  0.136  0.136  0.0592],[5.4922]
[1.754],[0.6315],[0.001  0.001  0.001  0.1361 0.1361 0.0592],[5.4902]
[1.756],[0.6291],[0.001  0.001  0.001  0.1361 0.1361 0.0593],[5.4872]
[1.758],[0.6266],[0.001  0.001  0.001  0.1362 0.1362 0.0593],[5.4832]
[1.76],[0.6242],[0.001  0.001  0.001  0.1362 0.1362 0.0593],[5.478]
[1.762],[0.6217],[0.001  0.001  0.001  0.1369 0.1369 0.0596],[5.4702]
[1.764],[0.6192],[0.001  0.001  0.001  0.1374 0.1374 0.0598],[5.4663]
[1.766],[0.6168],[0.001  0.001  0.001  0.1377 0.1377 0.0599],[5.4632]
[1.768],[0.6143],[0.001 0.001 0.001 0.138 0.138 0.06 ],[5.4605]
[1.77],[0.6118],[0.001  0.001  0.001  0.1381 0.1381 0.0601],[5.4577]
[1.772],[0.6094],[0.001  0.001  0.001  0.1383 0.1383 0.0601],[5.4545]
[1.774],[0.6069],[0.001  0.001  0.001  0.1384 0.1384 0.0602],[5.4506]
[1.776],[0.6045],[0.001  0.001  0.001  0.1384 0.1384 0.0602],[5.4457]
[1.778],[0.602],[0.001  0.001  0.001  0.1385 0.1385 0.0602],[5.4396]
[1.78],[0.5995],[0.001  0.001  0.001  0.1385 0.1385 0.0602],[5.4323]
[1.782],[0.5971],[0.001  0.001  0.001  0.1392 0.1392 0.0605],[5.4208]
[1.784],[0.5946],[0.001  0.001  0.001  0.1396 0.1396 0.0607],[5.4148]
[1.786],[0.5922],[0.001  0.001  0.001  0.14   0.14   0.0609],[5.4096]
[1.788],[0.5897],[0.001  0.001  0.001  0.1402 0.1402 0.061 ],[5.4046]
[1.79],[0.5872],[0.001  0.001  0.001  0.1404 0.1404 0.061 ],[5.3996]
[1.792],[0.5848],[0.001  0.001  0.001  0.1405 0.1405 0.0611],[5.3942]
[1.794],[0.5823],[0.001  0.001  0.001  0.1406 0.1406 0.0611],[5.388]
[1.796],[0.5799],[0.001  0.001  0.001  0.1407 0.1407 0.0611],[5.3809]
[1.798],[0.5774],[0.001  0.001  0.001  0.1407 0.1407 0.0611],[5.3726]
[1.8],[0.575],[0.001  0.001  0.001  0.1407 0.1407 0.0611],[5.3631]
[1.802],[0.5725],[0.001  0.001  0.001  0.1414 0.1414 0.0615],[5.3472]
[1.804],[0.5701],[0.001  0.001  0.001  0.1418 0.1418 0.0617],[5.3392]
[1.806],[0.5676],[0.001  0.001  0.001  0.1422 0.1422 0.0618],[5.3318]
[1.808],[0.5652],[0.001  0.001  0.001  0.1424 0.1424 0.0619],[5.3246]
[1.81],[0.5627],[0.001  0.001  0.001  0.1426 0.1426 0.062 ],[5.3173]
[1.812],[0.5603],[0.001  0.001  0.001  0.1427 0.1427 0.062 ],[5.3095]
[1.814],[0.5579],[0.001  0.001  0.001  0.1428 0.1428 0.062 ],[5.3009]
[1.816],[0.5554],[0.001  0.001  0.001  0.1428 0.1428 0.0621],[5.2913]
[1.818],[0.553],[0.001  0.001  0.001  0.1429 0.1429 0.0621],[5.2806]
[1.82],[0.5506],[0.001  0.001  0.001  0.1429 0.1429 0.0621],[5.2687]
[1.822],[0.5482],[0.001  0.001  0.001  0.1435 0.1435 0.0624],[5.2479]
[1.824],[0.5457],[0.001  0.001  0.001  0.144  0.144  0.0626],[5.2379]
[1.826],[0.5433],[0.001  0.001  0.001  0.1443 0.1443 0.0628],[5.2285]
[1.828],[0.5409],[0.001  0.001  0.001  0.1445 0.1445 0.0629],[5.2194]
[1.83],[0.5385],[0.001  0.001  0.001  0.1447 0.1447 0.0629],[5.2101]
[1.832],[0.5361],[0.001  0.001  0.001  0.1448 0.1448 0.063 ],[5.2004]
[1.834],[0.5337],[0.001  0.001  0.001  0.1449 0.1449 0.063 ],[5.19]
[1.836],[0.5313],[0.001 0.001 0.001 0.145 0.145 0.063],[5.1786]
[1.838],[0.5289],[0.001 0.001 0.001 0.145 0.145 0.063],[5.1661]
[1.84],[0.5266],[0.001 0.001 0.001 0.145 0.145 0.063],[5.1525]
[1.842],[0.5242],[0.001  0.001  0.001  0.1456 0.1456 0.0633],[5.1274]
[1.844],[0.5218],[0.001  0.001  0.001  0.1461 0.1461 0.0636],[5.1158]
[1.846],[0.5195],[0.001  0.001  0.001  0.1464 0.1464 0.0637],[5.1048]
[1.848],[0.5171],[0.001  0.001  0.001  0.1466 0.1466 0.0638],[5.0942]
[1.85],[0.5148],[0.001  0.001  0.001  0.1468 0.1468 0.0639],[5.0834]
[1.852],[0.5124],[0.001  0.001  0.001  0.1469 0.1469 0.0639],[5.0723]
[1.854],[0.5101],[0.001  0.001  0.001  0.147  0.147  0.0639],[5.0606]
[1.856],[0.5078],[0.001  0.001  0.001  0.147  0.147  0.0639],[5.0481]
[1.858],[0.5055],[0.001  0.001  0.001  0.1471 0.1471 0.064 ],[5.0345]
[1.86],[0.5032],[0.001  0.001  0.001  0.1471 0.1471 0.064 ],[5.0199]
[1.862],[0.5009],[0.001  0.001  0.001  0.1477 0.1477 0.0643],[4.9915]
[1.864],[0.4986],[0.001  0.001  0.001  0.1481 0.1481 0.0645],[4.9793]
[1.866],[0.4963],[0.001  0.001  0.001  0.1484 0.1484 0.0646],[4.9679]
[1.868],[0.494],[0.001  0.001  0.001  0.1486 0.1486 0.0647],[4.9568]
[1.87],[0.4918],[0.001  0.001  0.001  0.1488 0.1488 0.0648],[4.9459]
[1.872],[0.4895],[0.001  0.001  0.001  0.1489 0.1489 0.0648],[4.9347]
[1.874],[0.4873],[0.001  0.001  0.001  0.1489 0.1489 0.0649],[4.9231]
[1.876],[0.4851],[0.001  0.001  0.001  0.149  0.149  0.0649],[4.9109]
[1.878],[0.4829],[0.001  0.001  0.001  0.149  0.149  0.0649],[4.8979]
[1.88],[0.4807],[0.001  0.001  0.001  0.1491 0.1491 0.0649],[4.884]
[1.882],[0.4785],[0.001  0.001  0.001  0.1496 0.1496 0.0652],[4.8547]
[1.884],[0.4763],[0.001  0.001  0.001  0.15   0.15   0.0654],[4.8434]
[1.886],[0.4741],[0.001  0.001  0.001  0.1503 0.1503 0.0656],[4.8329]
[1.888],[0.472],[0.001  0.001  0.001  0.1505 0.1505 0.0657],[4.823]
[1.89],[0.4699],[0.001  0.001  0.001  0.1507 0.1507 0.0657],[4.8132]
[1.892],[0.4677],[0.001  0.001  0.001  0.1508 0.1508 0.0658],[4.8032]
[1.894],[0.4656],[0.001  0.001  0.001  0.1508 0.1508 0.0658],[4.7928]
[1.896],[0.4635],[0.001  0.001  0.001  0.1509 0.1509 0.0658],[4.7819]
[1.898],[0.4614],[0.001  0.001  0.001  0.1509 0.1509 0.0658],[4.7703]
[1.9],[0.4594],[0.001  0.001  0.001  0.151  0.151  0.0658],[4.7579]
[1.902],[0.4573],[0.001  0.001  0.001  0.1515 0.1515 0.0661],[4.7289]
[1.904],[0.4553],[0.001  0.001  0.001  0.1519 0.1519 0.0663],[4.7187]
[1.906],[0.4532],[0.001  0.001  0.001  0.1521 0.1521 0.0665],[4.7093]
[1.908],[0.4512],[0.001  0.001  0.001  0.1523 0.1523 0.0666],[4.7004]
[1.91],[0.4492],[0.001  0.001  0.001  0.1525 0.1525 0.0666],[4.6915]
[1.912],[0.4472],[0.001  0.001  0.001  0.1526 0.1526 0.0667],[4.6827]
[1.914],[0.4453],[0.001  0.001  0.001  0.1526 0.1526 0.0667],[4.6734]
[1.916],[0.4433],[0.001  0.001  0.001  0.1527 0.1527 0.0667],[4.6635]
[1.918],[0.4413],[0.001  0.001  0.001  0.1527 0.1527 0.0667],[4.6531]
[1.92],[0.4394],[0.001  0.001  0.001  0.1528 0.1528 0.0667],[4.642]
[1.922],[0.4375],[0.001  0.001  0.001  0.1532 0.1532 0.067 ],[4.6133]
[1.924],[0.4356],[0.001  0.001  0.001  0.1536 0.1536 0.0672],[4.6044]
[1.926],[0.4337],[0.001  0.001  0.001  0.1538 0.1538 0.0674],[4.5963]
[1.928],[0.4318],[0.001  0.001  0.001  0.154  0.154  0.0674],[4.5887]
[1.93],[0.43],[0.001  0.001  0.001  0.1541 0.1541 0.0675],[4.5812]
[1.932],[0.4282],[0.001  0.001  0.001  0.1542 0.1542 0.0675],[4.5736]
[1.934],[0.4263],[0.001  0.001  0.001  0.1543 0.1543 0.0676],[4.5657]
[1.936],[0.4245],[0.001  0.001  0.001  0.1544 0.1544 0.0676],[4.5572]
[1.938],[0.4227],[0.001  0.001  0.001  0.1544 0.1544 0.0676],[4.5481]
[1.94],[0.4209],[0.001  0.001  0.001  0.1544 0.1544 0.0676],[4.5383]
[1.942],[0.4192],[0.001  0.001  0.001  0.1548 0.1548 0.0679],[4.5099]
[1.944],[0.4174],[0.001  0.001  0.001  0.1552 0.1552 0.0681],[4.5018]
[1.946],[0.4157],[0.001  0.001  0.001  0.1554 0.1554 0.0682],[4.4946]
[1.948],[0.414],[0.001  0.001  0.001  0.1556 0.1556 0.0683],[4.4878]
[1.95],[0.4123],[0.001  0.001  0.001  0.1557 0.1557 0.0683],[4.4811]
[1.952],[0.4106],[0.001  0.001  0.001  0.1558 0.1558 0.0684],[4.4742]
[1.954],[0.4089],[0.001  0.001  0.001  0.1558 0.1558 0.0684],[4.4671]
[1.956],[0.4073],[0.001  0.001  0.001  0.1559 0.1559 0.0684],[4.4595]
[1.958],[0.4056],[0.001  0.001  0.001  0.1559 0.1559 0.0684],[4.4515]
[1.96],[0.404],[0.001  0.001  0.001  0.1559 0.1559 0.0684],[4.443]
[1.962],[0.4024],[0.001  0.001  0.001  0.1563 0.1563 0.0687],[4.415]
[1.964],[0.4008],[0.001  0.001  0.001  0.1566 0.1566 0.0689],[4.4082]
[1.966],[0.3992],[0.001  0.001  0.001  0.1568 0.1568 0.069 ],[4.4021]
[1.968],[0.3977],[0.001 0.001 0.001 0.157 0.157 0.069],[4.3965]
[1.97],[0.3961],[0.001  0.001  0.001  0.1571 0.1571 0.0691],[4.3909]
[1.972],[0.3946],[0.001  0.001  0.001  0.1572 0.1572 0.0691],[4.3853]
[1.974],[0.3931],[0.001  0.001  0.001  0.1572 0.1572 0.0692],[4.3794]
[1.976],[0.3916],[0.001  0.001  0.001  0.1573 0.1573 0.0692],[4.373]
[1.978],[0.3901],[0.001  0.001  0.001  0.1573 0.1573 0.0692],[4.366]
[1.98],[0.3887],[0.001  0.001  0.001  0.1573 0.1573 0.0692],[4.3584]
[1.982],[0.3872],[0.001  0.001  0.001  0.1577 0.1577 0.0694],[4.3303]
[1.984],[0.3858],[0.001  0.001  0.001  0.1579 0.1579 0.0696],[4.3242]
[1.986],[0.3844],[0.001  0.001  0.001  0.1581 0.1581 0.0697],[4.319]
[1.988],[0.3829],[0.001  0.001  0.001  0.1582 0.1582 0.0698],[4.3141]
[1.99],[0.3816],[0.001  0.001  0.001  0.1583 0.1583 0.0698],[4.3094]
[1.992],[0.3802],[0.001  0.001  0.001  0.1584 0.1584 0.0698],[4.3046]
[1.994],[0.3788],[0.001  0.001  0.001  0.1585 0.1585 0.0699],[4.2996]
[1.996],[0.3775],[0.001  0.001  0.001  0.1585 0.1585 0.0699],[4.294]
[1.998],[0.3762],[0.001  0.001  0.001  0.1585 0.1585 0.0699],[4.2878]
[2.],[0.3749],[0.001  0.001  0.001  0.1586 0.1586 0.0699],[4.281]
[2.002],[0.3736],[0.001  0.001  0.001  0.1589 0.1589 0.0701],[4.2527]
[2.004],[0.3723],[0.001  0.001  0.001  0.1591 0.1591 0.0703],[4.2467]
[2.006],[0.371],[0.001  0.001  0.001  0.1593 0.1593 0.0704],[4.2412]
[2.008],[0.3698],[0.001  0.001  0.001  0.1594 0.1594 0.0704],[4.236]
[2.01],[0.3685],[0.001  0.001  0.001  0.1595 0.1595 0.0705],[4.0408]
[2.012],[0.3673],[0.001  0.001  0.001  0.1595 0.1595 0.0705],[4.0584]
[2.014],[0.3661],[0.001  0.001  0.001  0.1596 0.1596 0.0705],[4.0538]
[2.016],[0.365],[0.001  0.001  0.001  0.1596 0.1596 0.0705],[4.0544]
[2.018],[0.3638],[0.001  0.001  0.001  0.1596 0.1596 0.0705],[4.0588]
[2.02],[0.3627],[0.001  0.001  0.001  0.1597 0.1597 0.0705],[4.0662]
[2.022],[0.3616],[0.001  0.001  0.001  0.1599 0.1599 0.0707],[4.0477]
[2.024],[0.3605],[0.001  0.001  0.001  0.1601 0.1601 0.0709],[4.0622]
[2.026],[0.3595],[0.001  0.001  0.001  0.1603 0.1603 0.071 ],[4.0792]
[2.028],[0.3585],[0.001  0.001  0.001  0.1604 0.1604 0.071 ],[4.0974]
[2.03],[0.3574],[0.001  0.001  0.001  0.1605 0.1605 0.0711],[4.1162]
[2.032],[0.3564],[0.001  0.001  0.001  0.1605 0.1605 0.0711],[4.1347]
[2.034],[0.3555],[0.001  0.001  0.001  0.1606 0.1606 0.0711],[4.1522]
[2.036],[0.3545],[0.001  0.001  0.001  0.1606 0.1606 0.0711],[4.1681]
[2.038],[0.3535],[0.001  0.001  0.001  0.1606 0.1606 0.0711],[4.1818]
[2.04],[0.3526],[0.001  0.001  0.001  0.1606 0.1606 0.0711],[4.1931]
[2.042],[0.3516],[0.001  0.001  0.001  0.1609 0.1609 0.0713],[4.1915]
[2.044],[0.3507],[0.001  0.001  0.001  0.1611 0.1611 0.0714],[4.1967]
[2.046],[0.3498],[0.001  0.001  0.001  0.1612 0.1612 0.0715],[4.1998]
[2.048],[0.3489],[0.001  0.001  0.001  0.1613 0.1613 0.0716],[4.2006]
[2.05],[0.348],[0.001  0.001  0.001  0.1614 0.1614 0.0716],[4.1989]
[2.052],[0.3471],[0.001  0.001  0.001  0.1614 0.1614 0.0716],[4.1948]
[2.054],[0.3462],[0.001  0.001  0.001  0.1614 0.1614 0.0716],[4.1883]
[2.056],[0.3454],[0.001  0.001  0.001  0.1615 0.1615 0.0717],[4.1794]
[2.058],[0.3445],[0.001  0.001  0.001  0.1615 0.1615 0.0717],[4.1683]
[2.06],[0.3437],[0.001  0.001  0.001  0.1615 0.1615 0.0717],[4.1552]
[2.062],[0.3428],[0.001  0.001  0.001  0.1617 0.1617 0.0718],[4.1176]
[2.064],[0.342],[0.001  0.001  0.001  0.1619 0.1619 0.0719],[4.1028]
[2.066],[0.3412],[0.001 0.001 0.001 0.162 0.162 0.072],[4.088]
[2.068],[0.3404],[0.001 0.001 0.001 0.162 0.162 0.072],[4.0731]
[2.07],[0.3396],[0.001  0.001  0.001  0.1621 0.1621 0.0721],[4.0583]
[2.072],[0.3388],[0.001  0.001  0.001  0.1621 0.1621 0.0721],[4.0437]
[2.074],[0.3381],[0.001  0.001  0.001  0.1622 0.1622 0.0721],[4.0297]
[2.076],[0.3373],[0.001  0.001  0.001  0.1622 0.1622 0.0721],[4.016]
[2.078],[0.3366],[0.001  0.001  0.001  0.1622 0.1622 0.0721],[4.0028]
[2.08],[0.3359],[0.001  0.001  0.001  0.1622 0.1622 0.0721],[3.9903]
[2.082],[0.3352],[0.001  0.001  0.001  0.1624 0.1624 0.0722],[3.9474]
[2.084],[0.3345],[0.001  0.001  0.001  0.1625 0.1625 0.0723],[3.939]
[2.086],[0.3338],[0.001  0.001  0.001  0.1626 0.1626 0.0724],[3.9323]
[2.088],[0.3332],[0.001  0.001  0.001  0.1627 0.1627 0.0724],[3.9273]
[2.09],[0.3326],[0.001  0.001  0.001  0.1627 0.1627 0.0725],[3.9237]
[2.092],[0.332],[0.001  0.001  0.001  0.1628 0.1628 0.0725],[3.9212]
[2.094],[0.3314],[0.001  0.001  0.001  0.1628 0.1628 0.0725],[3.9197]
[2.096],[0.3308],[0.001  0.001  0.001  0.1628 0.1628 0.0725],[3.919]
[2.098],[0.3302],[0.001  0.001  0.001  0.1628 0.1628 0.0725],[3.9188]
[2.1],[0.3297],[0.001  0.001  0.001  0.1628 0.1628 0.0725],[3.919]
[2.102],[0.3292],[0.001  0.001  0.001  0.163  0.163  0.0726],[3.8938]
[2.104],[0.3286],[0.001  0.001  0.001  0.1631 0.1631 0.0727],[3.8955]
[2.106],[0.3281],[0.001  0.001  0.001  0.1632 0.1632 0.0728],[3.8982]
[2.108],[0.3277],[0.001  0.001  0.001  0.1632 0.1632 0.0728],[3.9015]
[2.11],[0.3272],[0.001  0.001  0.001  0.1633 0.1633 0.0728],[3.905]
[2.112],[0.3267],[0.001  0.001  0.001  0.1633 0.1633 0.0728],[3.9086]
[2.114],[0.3263],[0.001  0.001  0.001  0.1633 0.1633 0.0728],[3.912]
[2.116],[0.3259],[0.001  0.001  0.001  0.1633 0.1633 0.0728],[3.9151]
[2.118],[0.3255],[0.001  0.001  0.001  0.1633 0.1633 0.0728],[3.9176]
[2.12],[0.3251],[0.001  0.001  0.001  0.1634 0.1634 0.0728],[3.9196]
[2.122],[0.3247],[0.001  0.001  0.001  0.1635 0.1635 0.0729],[3.8992]
[2.124],[0.3243],[0.001  0.001  0.001  0.1636 0.1636 0.073 ],[3.9003]
[2.126],[0.324],[0.001  0.001  0.001  0.1636 0.1636 0.0731],[3.9015]
[2.128],[0.3236],[0.001  0.001  0.001  0.1637 0.1637 0.0731],[3.9027]
[2.13],[0.3233],[0.001  0.001  0.001  0.1637 0.1637 0.0731],[3.9037]
[2.132],[0.323],[0.001  0.001  0.001  0.1637 0.1637 0.0731],[3.9045]
[2.134],[0.3227],[0.001  0.001  0.001  0.1638 0.1638 0.0731],[3.9049]
[2.136],[0.3224],[0.001  0.001  0.001  0.1638 0.1638 0.0731],[3.9048]
[2.138],[0.3221],[0.001  0.001  0.001  0.1638 0.1638 0.0731],[3.9044]
[2.14],[0.3219],[0.001  0.001  0.001  0.1638 0.1638 0.0731],[3.9035]
[2.142],[0.3216],[0.001  0.001  0.001  0.1639 0.1639 0.0732],[3.8788]
[2.144],[0.3214],[0.001  0.001  0.001  0.164  0.164  0.0733],[3.8776]
[2.146],[0.3211],[0.001  0.001  0.001  0.164  0.164  0.0733],[3.8769]
[2.148],[0.3209],[0.001  0.001  0.001  0.164  0.164  0.0733],[3.8767]
[2.15],[0.3207],[0.001  0.001  0.001  0.1641 0.1641 0.0733],[3.8768]
[2.152],[0.3205],[0.001  0.001  0.001  0.1641 0.1641 0.0733],[3.8772]
[2.154],[0.3204],[0.001  0.001  0.001  0.1641 0.1641 0.0734],[3.8778]
[2.156],[0.3202],[0.001  0.001  0.001  0.1641 0.1641 0.0734],[3.8786]
[2.158],[0.32],[0.001  0.001  0.001  0.1641 0.1641 0.0734],[3.8796]
[2.16],[0.3199],[0.001  0.001  0.001  0.1641 0.1641 0.0734],[3.8807]
[2.162],[0.3198],[0.001  0.001  0.001  0.1642 0.1642 0.0734],[3.8582]
[2.164],[0.3196],[0.001  0.001  0.001  0.1642 0.1642 0.0735],[3.8598]
[2.166],[0.3195],[0.001  0.001  0.001  0.1643 0.1643 0.0735],[3.8623]
[2.168],[0.3194],[0.001  0.001  0.001  0.1643 0.1643 0.0735],[3.8656]
[2.17],[0.3193],[0.001  0.001  0.001  0.1643 0.1643 0.0735],[3.8696]
[2.172],[0.3193],[0.001  0.001  0.001  0.1643 0.1643 0.0735],[3.8741]
[2.174],[0.3192],[0.001  0.001  0.001  0.1643 0.1643 0.0735],[3.879]
[2.176],[0.3191],[0.001  0.001  0.001  0.1644 0.1644 0.0735],[3.8841]
[2.178],[0.3191],[0.001  0.001  0.001  0.1644 0.1644 0.0735],[3.8894]
[2.18],[0.3191],[0.001  0.001  0.001  0.1644 0.1644 0.0735],[3.8948]
[2.182],[0.319],[0.001  0.001  0.001  0.1644 0.1644 0.0736],[3.8794]
[2.184],[0.319],[0.001  0.001  0.001  0.1644 0.1644 0.0736],[3.8845]
[2.186],[0.319],[0.001  0.001  0.001  0.1645 0.1645 0.0736],[3.8902]
[2.188],[0.319],[0.001  0.001  0.001  0.1645 0.1645 0.0736],[3.8964]
[2.19],[0.319],[0.001  0.001  0.001  0.1645 0.1645 0.0736],[3.9029]
[2.192],[0.319],[0.001  0.001  0.001  0.1645 0.1645 0.0736],[3.9096]
[2.194],[0.319],[0.001  0.001  0.001  0.1645 0.1645 0.0736],[3.9164]
[2.196],[0.3191],[0.001  0.001  0.001  0.1645 0.1645 0.0736],[3.9232]
[2.198],[0.3191],[0.001  0.001  0.001  0.1645 0.1645 0.0736],[3.9299]
[2.2],[0.3192],[0.001  0.001  0.001  0.1645 0.1645 0.0736],[3.9365]
[2.202],[0.3192],[0.001  0.001  0.001  0.1645 0.1645 0.0736],[3.9244]
[2.204],[0.3193],[0.001  0.001  0.001  0.1646 0.1646 0.0737],[3.9297]
[2.206],[0.3193],[0.001  0.001  0.001  0.1646 0.1646 0.0737],[3.9355]
[2.208],[0.3194],[0.001  0.001  0.001  0.1646 0.1646 0.0737],[3.9415]
[2.21],[0.3195],[0.001  0.001  0.001  0.1646 0.1646 0.0737],[3.9476]
[2.212],[0.3196],[0.001  0.001  0.001  0.1646 0.1646 0.0737],[3.9537]
[2.214],[0.3196],[0.001  0.001  0.001  0.1646 0.1646 0.0737],[3.9599]
[2.216],[0.3197],[0.001  0.001  0.001  0.1646 0.1646 0.0737],[3.9659]
[2.218],[0.3198],[0.001  0.001  0.001  0.1646 0.1646 0.0737],[3.9719]
[2.22],[0.3199],[0.001  0.001  0.001  0.1646 0.1646 0.0737],[3.9776]
[2.222],[0.32],[0.001  0.001  0.001  0.1646 0.1646 0.0737],[3.9654]
[2.224],[0.3201],[0.001  0.001  0.001  0.1646 0.1646 0.0737],[3.9697]
[2.226],[0.3202],[0.001  0.001  0.001  0.1646 0.1646 0.0737],[3.9744]
[2.228],[0.3203],[0.001  0.001  0.001  0.1646 0.1646 0.0737],[3.9792]
[2.23],[0.3205],[0.001  0.001  0.001  0.1646 0.1646 0.0737],[3.9842]
[2.232],[0.3206],[0.001  0.001  0.001  0.1646 0.1646 0.0737],[3.9892]
[2.234],[0.3207],[0.001  0.001  0.001  0.1646 0.1646 0.0737],[3.9943]
[2.236],[0.3208],[0.001  0.001  0.001  0.1646 0.1646 0.0737],[3.9992]
[2.238],[0.3209],[0.001  0.001  0.001  0.1646 0.1646 0.0737],[4.0041]
[2.24],[0.3211],[0.001  0.001  0.001  0.1646 0.1646 0.0737],[4.0088]
[2.242],[0.3212],[0.001  0.001  0.001  0.1646 0.1646 0.0737],[3.996]
[2.244],[0.3213],[0.001  0.001  0.001  0.1646 0.1646 0.0737],[3.9997]
[2.246],[0.3215],[0.001  0.001  0.001  0.1646 0.1646 0.0737],[4.0037]
[2.248],[0.3216],[0.001  0.001  0.001  0.1646 0.1646 0.0737],[4.008]
[2.25],[0.3217],[0.001  0.001  0.001  0.1646 0.1646 0.0737],[4.0125]
[2.252],[0.3219],[0.001  0.001  0.001  0.1646 0.1646 0.0737],[4.0172]
[2.254],[0.322],[0.001  0.001  0.001  0.1646 0.1646 0.0737],[4.0218]
[2.256],[0.3222],[0.001  0.001  0.001  0.1646 0.1646 0.0737],[4.0265]
[2.258],[0.3223],[0.001  0.001  0.001  0.1646 0.1646 0.0737],[4.0311]
[2.26],[0.3225],[0.001  0.001  0.001  0.1646 0.1646 0.0737],[4.0356]
[2.262],[0.3226],[0.001  0.001  0.001  0.1646 0.1646 0.0737],[4.0236]
[2.264],[0.3227],[0.001  0.001  0.001  0.1646 0.1646 0.0737],[4.0272]
[2.266],[0.3229],[0.001  0.001  0.001  0.1646 0.1646 0.0737],[4.0311]
[2.268],[0.323],[0.001  0.001  0.001  0.1646 0.1646 0.0737],[4.0352]
[2.27],[0.3232],[0.001  0.001  0.001  0.1646 0.1646 0.0737],[4.0395]
[2.272],[0.3233],[0.001  0.001  0.001  0.1646 0.1646 0.0737],[4.0438]
[2.274],[0.3235],[0.001  0.001  0.001  0.1646 0.1646 0.0737],[4.0482]
[2.276],[0.3236],[0.001  0.001  0.001  0.1646 0.1646 0.0737],[4.0525]
[2.278],[0.3238],[0.001  0.001  0.001  0.1646 0.1646 0.0737],[4.0567]
[2.28],[0.3239],[0.001  0.001  0.001  0.1646 0.1646 0.0737],[4.0607]
[2.282],[0.3241],[0.001  0.001  0.001  0.1646 0.1646 0.0737],[4.0492]
[2.284],[0.3242],[0.001  0.001  0.001  0.1646 0.1646 0.0737],[4.0522]
[2.286],[0.3244],[0.001  0.001  0.001  0.1646 0.1646 0.0737],[4.0554]
[2.288],[0.3245],[0.001  0.001  0.001  0.1646 0.1646 0.0737],[4.0589]
[2.29],[0.3247],[0.001  0.001  0.001  0.1646 0.1646 0.0737],[4.0624]
[2.292],[0.3249],[0.001  0.001  0.001  0.1646 0.1646 0.0737],[4.0659]
[2.294],[0.325],[0.001  0.001  0.001  0.1646 0.1646 0.0737],[4.0694]
[2.296],[0.3252],[0.001  0.001  0.001  0.1646 0.1646 0.0737],[4.0727]
[2.298],[0.3253],[0.001  0.001  0.001  0.1646 0.1646 0.0737],[4.076]
[2.3],[0.3254],[0.001  0.001  0.001  0.1646 0.1646 0.0737],[4.0791]
[2.302],[0.3256],[0.001  0.001  0.001  0.1646 0.1646 0.0737],[4.0674]
[2.304],[0.3257],[0.001  0.001  0.001  0.1645 0.1645 0.0736],[4.0696]
[2.306],[0.3259],[0.001  0.001  0.001  0.1645 0.1645 0.0736],[4.072]
[2.308],[0.326],[0.001  0.001  0.001  0.1645 0.1645 0.0736],[4.0746]
[2.31],[0.3262],[0.001  0.001  0.001  0.1645 0.1645 0.0736],[4.0773]
[2.312],[0.3263],[0.001  0.001  0.001  0.1645 0.1645 0.0736],[4.08]
[2.314],[0.3265],[0.001  0.001  0.001  0.1645 0.1645 0.0736],[4.0827]
[2.316],[0.3266],[0.001  0.001  0.001  0.1645 0.1645 0.0736],[4.0853]
[2.318],[0.3268],[0.001  0.001  0.001  0.1645 0.1645 0.0736],[4.0878]
[2.32],[0.3269],[0.001  0.001  0.001  0.1645 0.1645 0.0736],[4.0902]
[2.322],[0.327],[0.001  0.001  0.001  0.1645 0.1645 0.0736],[4.0785]
[2.324],[0.3272],[0.001  0.001  0.001  0.1645 0.1645 0.0736],[4.0802]
[2.326],[0.3273],[0.001  0.001  0.001  0.1645 0.1645 0.0736],[4.0821]
[2.328],[0.3275],[0.001  0.001  0.001  0.1645 0.1645 0.0736],[4.0842]
[2.33],[0.3276],[0.001  0.001  0.001  0.1645 0.1645 0.0736],[4.0864]
[2.332],[0.3277],[0.001  0.001  0.001  0.1645 0.1645 0.0736],[4.0886]
[2.334],[0.3279],[0.001  0.001  0.001  0.1645 0.1645 0.0736],[4.0909]
[2.336],[0.328],[0.001  0.001  0.001  0.1644 0.1644 0.0736],[4.0931]
[2.338],[0.3282],[0.001  0.001  0.001  0.1644 0.1644 0.0736],[4.0952]
[2.34],[0.3283],[0.001  0.001  0.001  0.1644 0.1644 0.0736],[4.0972]
[2.342],[0.3284],[0.001  0.001  0.001  0.1644 0.1644 0.0736],[4.086]
[2.344],[0.3286],[0.001  0.001  0.001  0.1644 0.1644 0.0736],[4.0874]
[2.346],[0.3287],[0.001  0.001  0.001  0.1644 0.1644 0.0736],[4.0891]
[2.348],[0.3288],[0.001  0.001  0.001  0.1644 0.1644 0.0736],[4.0909]
[2.35],[0.329],[0.001  0.001  0.001  0.1644 0.1644 0.0736],[4.0928]
[2.352],[0.3291],[0.001  0.001  0.001  0.1644 0.1644 0.0736],[4.0947]
[2.354],[0.3292],[0.001  0.001  0.001  0.1644 0.1644 0.0735],[4.0966]
[2.356],[0.3294],[0.001  0.001  0.001  0.1644 0.1644 0.0735],[4.0985]
[2.358],[0.3295],[0.001  0.001  0.001  0.1644 0.1644 0.0735],[4.1004]
[2.36],[0.3296],[0.001  0.001  0.001  0.1644 0.1644 0.0735],[4.1021]
[2.362],[0.3297],[0.001  0.001  0.001  0.1644 0.1644 0.0735],[4.0915]
[2.364],[0.3299],[0.001  0.001  0.001  0.1643 0.1643 0.0735],[4.0927]
[2.366],[0.33],[0.001  0.001  0.001  0.1643 0.1643 0.0735],[4.0941]
[2.368],[0.3301],[0.001  0.001  0.001  0.1643 0.1643 0.0735],[4.0957]
[2.37],[0.3302],[0.001  0.001  0.001  0.1643 0.1643 0.0735],[4.0973]
[2.372],[0.3304],[0.001  0.001  0.001  0.1643 0.1643 0.0735],[4.099]
[2.374],[0.3305],[0.001  0.001  0.001  0.1643 0.1643 0.0735],[4.1007]
[2.376],[0.3306],[0.001  0.001  0.001  0.1643 0.1643 0.0735],[4.1023]
[2.378],[0.3307],[0.001  0.001  0.001  0.1643 0.1643 0.0735],[4.1039]
[2.38],[0.3309],[0.001  0.001  0.001  0.1643 0.1643 0.0735],[4.1054]
[2.382],[0.331],[0.001  0.001  0.001  0.1643 0.1643 0.0735],[4.0955]
[2.384],[0.3311],[0.001  0.001  0.001  0.1643 0.1643 0.0735],[4.0966]
[2.386],[0.3312],[0.001  0.001  0.001  0.1643 0.1643 0.0735],[4.0978]
[2.388],[0.3314],[0.001  0.001  0.001  0.1642 0.1642 0.0735],[4.0993]
[2.39],[0.3315],[0.001  0.001  0.001  0.1642 0.1642 0.0735],[4.1008]
[2.392],[0.3316],[0.001  0.001  0.001  0.1642 0.1642 0.0735],[4.1024]
[2.394],[0.3317],[0.001  0.001  0.001  0.1642 0.1642 0.0734],[4.104]
[2.396],[0.3318],[0.001  0.001  0.001  0.1642 0.1642 0.0734],[4.1056]
[2.398],[0.332],[0.001  0.001  0.001  0.1642 0.1642 0.0734],[4.1071]
[2.4],[0.3321],[0.001  0.001  0.001  0.1642 0.1642 0.0734],[4.1086]
[2.402],[0.3322],[0.001  0.001  0.001  0.1642 0.1642 0.0734],[4.0995]
[2.404],[0.3323],[0.001  0.001  0.001  0.1642 0.1642 0.0734],[4.1006]
[2.406],[0.3324],[0.001  0.001  0.001  0.1642 0.1642 0.0734],[4.1019]
[2.408],[0.3325],[0.001  0.001  0.001  0.1642 0.1642 0.0734],[4.1034]
[2.41],[0.3327],[0.001  0.001  0.001  0.1642 0.1642 0.0734],[4.105]
[2.412],[0.3328],[0.001  0.001  0.001  0.1642 0.1642 0.0734],[4.1066]
[2.414],[0.3329],[0.001  0.001  0.001  0.1641 0.1641 0.0734],[4.1083]
[2.416],[0.333],[0.001  0.001  0.001  0.1641 0.1641 0.0734],[4.1099]
[2.418],[0.3331],[0.001  0.001  0.001  0.1641 0.1641 0.0734],[4.1116]
[2.42],[0.3332],[0.001  0.001  0.001  0.1641 0.1641 0.0734],[4.1131]
[2.422],[0.3334],[0.001  0.001  0.001  0.1641 0.1641 0.0734],[4.1051]
[2.424],[0.3335],[0.001  0.001  0.001  0.1641 0.1641 0.0734],[4.1063]
[2.426],[0.3336],[0.001  0.001  0.001  0.1641 0.1641 0.0734],[4.1078]
[2.428],[0.3337],[0.001  0.001  0.001  0.1641 0.1641 0.0734],[4.1093]
[2.43],[0.3338],[0.001  0.001  0.001  0.1641 0.1641 0.0734],[4.111]
[2.432],[0.3339],[0.001  0.001  0.001  0.1641 0.1641 0.0733],[4.1127]
[2.434],[0.334],[0.001  0.001  0.001  0.1641 0.1641 0.0733],[4.1144]
[2.436],[0.3341],[0.001  0.001  0.001  0.1641 0.1641 0.0733],[4.1162]
[2.438],[0.3343],[0.001  0.001  0.001  0.1641 0.1641 0.0733],[4.1179]
[2.44],[0.3344],[0.001  0.001  0.001  0.164  0.164  0.0733],[4.1196]
[2.442],[0.3345],[0.001  0.001  0.001  0.164  0.164  0.0733],[4.1126]
[2.444],[0.3346],[0.001  0.001  0.001  0.164  0.164  0.0733],[4.1138]
[2.446],[0.3347],[0.001  0.001  0.001  0.164  0.164  0.0733],[4.1153]
[2.448],[0.3348],[0.001  0.001  0.001  0.164  0.164  0.0733],[4.1169]
[2.45],[0.3349],[0.001  0.001  0.001  0.164  0.164  0.0733],[4.1186]
[2.452],[0.335],[0.001  0.001  0.001  0.164  0.164  0.0733],[4.1203]
[2.454],[0.3351],[0.001  0.001  0.001  0.164  0.164  0.0733],[4.1221]
[2.456],[0.3352],[0.001  0.001  0.001  0.164  0.164  0.0733],[4.1238]
[2.458],[0.3353],[0.001  0.001  0.001  0.164  0.164  0.0733],[4.1256]
[2.46],[0.3354],[0.001  0.001  0.001  0.164  0.164  0.0733],[4.1272]
[2.462],[0.3355],[0.001  0.001  0.001  0.164  0.164  0.0733],[4.1211]
[2.464],[0.3356],[0.001  0.001  0.001  0.164  0.164  0.0733],[4.1224]
[2.466],[0.3357],[0.001  0.001  0.001  0.1639 0.1639 0.0733],[4.1238]
[2.468],[0.3358],[0.001  0.001  0.001  0.1639 0.1639 0.0733],[4.1254]
[2.47],[0.3359],[0.001  0.001  0.001  0.1639 0.1639 0.0733],[4.127]
[2.472],[0.336],[0.001  0.001  0.001  0.1639 0.1639 0.0732],[4.1287]
[2.474],[0.3361],[0.001  0.001  0.001  0.1639 0.1639 0.0732],[4.1303]
[2.476],[0.3362],[0.001  0.001  0.001  0.1639 0.1639 0.0732],[4.132]
[2.478],[0.3363],[0.001  0.001  0.001  0.1639 0.1639 0.0732],[4.1336]
[2.48],[0.3364],[0.001  0.001  0.001  0.1639 0.1639 0.0732],[4.1351]
[2.482],[0.3365],[0.001  0.001  0.001  0.1639 0.1639 0.0732],[4.1296]
[2.484],[0.3366],[0.001  0.001  0.001  0.1639 0.1639 0.0732],[4.1308]
[2.486],[0.3367],[0.001  0.001  0.001  0.1639 0.1639 0.0732],[4.1321]
[2.488],[0.3368],[0.001  0.001  0.001  0.1639 0.1639 0.0732],[4.1334]
[2.49],[0.3369],[0.001  0.001  0.001  0.1639 0.1639 0.0732],[4.1349]
[2.492],[0.337],[0.001  0.001  0.001  0.1638 0.1638 0.0732],[4.1364]
[2.494],[0.3371],[0.001  0.001  0.001  0.1638 0.1638 0.0732],[4.1378]
[2.496],[0.3372],[0.001  0.001  0.001  0.1638 0.1638 0.0732],[4.1393]
[2.498],[0.3373],[0.001  0.001  0.001  0.1638 0.1638 0.0732],[4.1406]
[2.5],[0.3373],[0.001  0.001  0.001  0.1638 0.1638 0.0732],[4.142]
[2.502],[0.3374],[0.001  0.001  0.001  0.1638 0.1638 0.0732],[4.1368]
[2.504],[0.3375],[0.001  0.001  0.001  0.1638 0.1638 0.0732],[4.1378]
[2.506],[0.3376],[0.001  0.001  0.001  0.1638 0.1638 0.0732],[4.1389]
[2.508],[0.3377],[0.001  0.001  0.001  0.1638 0.1638 0.0732],[4.14]
[2.51],[0.3378],[0.001  0.001  0.001  0.1638 0.1638 0.0732],[4.1412]
[2.512],[0.3379],[0.001  0.001  0.001  0.1638 0.1638 0.0732],[4.1425]
[2.514],[0.3379],[0.001  0.001  0.001  0.1638 0.1638 0.0731],[4.1437]
[2.516],[0.338],[0.001  0.001  0.001  0.1638 0.1638 0.0731],[4.1449]
[2.518],[0.3381],[0.001  0.001  0.001  0.1638 0.1638 0.0731],[4.146]
[2.52],[0.3382],[0.001  0.001  0.001  0.1638 0.1638 0.0731],[4.1471]
[2.522],[0.3382],[0.001  0.001  0.001  0.1637 0.1637 0.0731],[4.1422]
[2.524],[0.3383],[0.001  0.001  0.001  0.1637 0.1637 0.0731],[4.143]
[2.526],[0.3384],[0.001  0.001  0.001  0.1637 0.1637 0.0731],[4.1438]
[2.528],[0.3385],[0.001  0.001  0.001  0.1637 0.1637 0.0731],[4.1448]
[2.53],[0.3386],[0.001  0.001  0.001  0.1637 0.1637 0.0731],[4.1458]
[2.532],[0.3386],[0.001  0.001  0.001  0.1637 0.1637 0.0731],[4.1467]
[2.534],[0.3387],[0.001  0.001  0.001  0.1637 0.1637 0.0731],[4.1477]
[2.536],[0.3388],[0.001  0.001  0.001  0.1637 0.1637 0.0731],[4.1487]
[2.538],[0.3388],[0.001  0.001  0.001  0.1637 0.1637 0.0731],[4.1496]
[2.54],[0.3389],[0.001  0.001  0.001  0.1637 0.1637 0.0731],[4.1505]
[2.542],[0.339],[0.001  0.001  0.001  0.1637 0.1637 0.0731],[4.1458]
[2.544],[0.339],[0.001  0.001  0.001  0.1637 0.1637 0.0731],[4.1464]
[2.546],[0.3391],[0.001  0.001  0.001  0.1637 0.1637 0.0731],[4.1471]
[2.548],[0.3392],[0.001  0.001  0.001  0.1637 0.1637 0.0731],[4.1479]
[2.55],[0.3392],[0.001  0.001  0.001  0.1637 0.1637 0.0731],[4.1487]
[2.552],[0.3393],[0.001  0.001  0.001  0.1636 0.1636 0.0731],[4.1495]
[2.554],[0.3394],[0.001  0.001  0.001  0.1636 0.1636 0.0731],[4.1503]
[2.556],[0.3394],[0.001  0.001  0.001  0.1636 0.1636 0.0731],[4.1511]
[2.558],[0.3395],[0.001  0.001  0.001  0.1636 0.1636 0.0731],[4.1518]
[2.56],[0.3396],[0.001  0.001  0.001  0.1636 0.1636 0.073 ],[4.1525]
[2.562],[0.3396],[0.001  0.001  0.001  0.1636 0.1636 0.073 ],[4.1481]
[2.564],[0.3397],[0.001  0.001  0.001  0.1636 0.1636 0.073 ],[4.1486]
[2.566],[0.3397],[0.001  0.001  0.001  0.1636 0.1636 0.073 ],[4.1491]
[2.568],[0.3398],[0.001  0.001  0.001  0.1636 0.1636 0.073 ],[4.1497]
[2.57],[0.3398],[0.001  0.001  0.001  0.1636 0.1636 0.073 ],[4.1504]
[2.572],[0.3399],[0.001  0.001  0.001  0.1636 0.1636 0.073 ],[4.151]
[2.574],[0.34],[0.001  0.001  0.001  0.1636 0.1636 0.073 ],[4.1517]
[2.576],[0.34],[0.001  0.001  0.001  0.1636 0.1636 0.073 ],[4.1524]
[2.578],[0.3401],[0.001  0.001  0.001  0.1636 0.1636 0.073 ],[4.153]
[2.58],[0.3401],[0.001  0.001  0.001  0.1636 0.1636 0.073 ],[4.1535]
[2.582],[0.3402],[0.001  0.001  0.001  0.1636 0.1636 0.073 ],[4.1494]
[2.584],[0.3402],[0.001  0.001  0.001  0.1636 0.1636 0.073 ],[4.1498]
[2.586],[0.3403],[0.001  0.001  0.001  0.1635 0.1635 0.073 ],[4.1502]
[2.588],[0.3403],[0.001  0.001  0.001  0.1635 0.1635 0.073 ],[4.1508]
[2.59],[0.3404],[0.001  0.001  0.001  0.1635 0.1635 0.073 ],[4.1513]
[2.592],[0.3404],[0.001  0.001  0.001  0.1635 0.1635 0.073 ],[4.1519]
[2.594],[0.3405],[0.001  0.001  0.001  0.1635 0.1635 0.073 ],[4.1524]
[2.596],[0.3405],[0.001  0.001  0.001  0.1635 0.1635 0.073 ],[4.153]
[2.598],[0.3406],[0.001  0.001  0.001  0.1635 0.1635 0.073 ],[4.1535]
[2.6],[0.3406],[0.001  0.001  0.001  0.1635 0.1635 0.073 ],[4.154]
[2.602],[0.3407],[0.001  0.001  0.001  0.1635 0.1635 0.073 ],[4.1502]
[2.604],[0.3407],[0.001  0.001  0.001  0.1635 0.1635 0.073 ],[4.1505]
[2.606],[0.3408],[0.001  0.001  0.001  0.1635 0.1635 0.073 ],[4.1509]
[2.608],[0.3408],[0.001  0.001  0.001  0.1635 0.1635 0.073 ],[4.1514]
[2.61],[0.3408],[0.001  0.001  0.001  0.1635 0.1635 0.073 ],[4.1519]
[2.612],[0.3409],[0.001  0.001  0.001  0.1635 0.1635 0.073 ],[4.1524]
[2.614],[0.3409],[0.001  0.001  0.001  0.1635 0.1635 0.0729],[4.1529]
[2.616],[0.341],[0.001  0.001  0.001  0.1635 0.1635 0.0729],[4.1534]
[2.618],[0.341],[0.001  0.001  0.001  0.1635 0.1635 0.0729],[4.1539]
[2.62],[0.3411],[0.001  0.001  0.001  0.1635 0.1635 0.0729],[4.1543]
[2.622],[0.3411],[0.001  0.001  0.001  0.1635 0.1635 0.0729],[4.1508]
[2.624],[0.3411],[0.001  0.001  0.001  0.1635 0.1635 0.0729],[4.1511]
[2.626],[0.3412],[0.001  0.001  0.001  0.1635 0.1635 0.0729],[4.1515]
[2.628],[0.3412],[0.001  0.001  0.001  0.1634 0.1634 0.0729],[4.1519]
[2.63],[0.3413],[0.001  0.001  0.001  0.1634 0.1634 0.0729],[4.1524]
[2.632],[0.3413],[0.001  0.001  0.001  0.1634 0.1634 0.0729],[4.1528]
[2.634],[0.3413],[0.001  0.001  0.001  0.1634 0.1634 0.0729],[4.1533]
[2.636],[0.3414],[0.001  0.001  0.001  0.1634 0.1634 0.0729],[4.1538]
[2.638],[0.3414],[0.001  0.001  0.001  0.1634 0.1634 0.0729],[4.1542]
[2.64],[0.3414],[0.001  0.001  0.001  0.1634 0.1634 0.0729],[4.1546]
[2.642],[0.3415],[0.001  0.001  0.001  0.1634 0.1634 0.0729],[4.1515]
[2.644],[0.3415],[0.001  0.001  0.001  0.1634 0.1634 0.0729],[4.1517]
[2.646],[0.3416],[0.001  0.001  0.001  0.1634 0.1634 0.0729],[4.1521]
[2.648],[0.3416],[0.001  0.001  0.001  0.1634 0.1634 0.0729],[4.1525]
[2.65],[0.3416],[0.001  0.001  0.001  0.1634 0.1634 0.0729],[4.1529]
[2.652],[0.3417],[0.001  0.001  0.001  0.1634 0.1634 0.0729],[4.1534]
[2.654],[0.3417],[0.001  0.001  0.001  0.1634 0.1634 0.0729],[4.1538]
[2.656],[0.3417],[0.001  0.001  0.001  0.1634 0.1634 0.0729],[4.1543]
[2.658],[0.3418],[0.001  0.001  0.001  0.1634 0.1634 0.0729],[4.1547]
[2.66],[0.3418],[0.001  0.001  0.001  0.1634 0.1634 0.0729],[4.1551]
